filename,timestamp_ms,algorithm,diameter_px,undistortedDiameter_px,physicalDiameter_mm,width_px,height_px,axisRatio,center_x,center_y,angle_deg,circumference_px,confidence,outlineConfidence
00000.jpg,1719920198796,PuReST,-1,-1,-1,-1,-1,1,62,67,-1,-1,-1,-1
00001.jpg,1719920198829,PuReST,29,-1,-1,10,29,0.344828,135.156,189.008,95.548,64.9516,0.0909091,0.0909091
00002.jpg,1719920198862,PuReST,20,-1,-1,10,20,0.5,121.166,207.298,73.454,48.4421,0.1875,0.1875
00003.jpg,1719920198895,PuReST,20,-1,-1,10,20,0.5,121.166,207.298,73.454,48.4421,0.1875,0.1875
00004.jpg,1719920198928,PuReST,53,-1,-1,28,53,0.528302,196.363,201.963,160.612,130.283,0.628571,0.628571
00005.jpg,1719920198961,PuReST,56,-1,-1,33,56,0.589286,198.965,202.114,157.208,142.145,0.666667,0.666667
00006.jpg,1719920198994,PuReST,64,-1,-1,20,64,0.3125,132.849,164.997,19.7288,141.158,0.25,0.222222
00007.jpg,1719920199027,PuReST,35,-1,-1,12,35,0.342857,256.379,132.612,91.5466,78.3156,0,0
00008.jpg,1719920199060,PuReST,15,-1,-1,13,15,0.866667,170.772,162.51,90.0036,44.0384,0.46875,0.4375
00009.jpg,1719920199093,PuReST,54,-1,-1,14,54,0.259259,233.8,87.459,40.5298,116.263,0.0571429,0.0571429
00010.jpg,1719920199126,PuReST,19,-1,-1,10,19,0.526316,252.414,144.063,84.9432,46.6566,0.0909091,0.0909091
00011.jpg,1719920199159,PuReST,42,-1,-1,8,42,0.190476,178.589,232.133,86.9677,87.8978,0,0
00012.jpg,1719920199192,PuReST,47,-1,-1,39,47,0.829787,109.026,129.386,0.636508,135.381,0.25,0.25
00013.jpg,1719920199225,PuReST,23,-1,-1,18,23,0.782609,185.941,226.691,85.3222,64.6423,0.4,0.4
00014.jpg,1719920199258,PuReST,79,-1,-1,59,79,0.746835,111.917,164.462,165.577,217.91,0.121212,0.121212
00015.jpg,1719920199291,PuReST,74,-1,-1,50,74,0.675676,211.889,204.678,138.857,196.607,0.771429,0.771429
00016.jpg,1719920199324,PuReST,49,-1,-1,30,49,0.612245,106.818,123.214,34.2719,125.894,0.222222,0.222222
00017.jpg,1719920199357,PuReST,24,-1,-1,19,24,0.791667,156.302,187.553,0,67.7727,0.71875,0.71875
00018.jpg,1719920199390,PuReST,65,-1,-1,39,65,0.6,204.698,204.399,149.835,165.925,0.735294,0.735294
00019.jpg,1719920199423,PuReST,25,-1,-1,11,25,0.44,172.373,158.263,66.9119,58.7073,0.181818,0.181818
00020.jpg,1719920199456,PuReST,74,-1,-1,43,74,0.581081,207.903,206.94,147.094,187.023,0.705882,0.705882
00021.jpg,1719920199489,PuReST,20,-1,-1,12,20,0.6,287.367,77.3012,127.817,51.054,0.117647,0.117647
00022.jpg,1719920199522,PuReST,20,-1,-1,12,20,0.6,287.367,77.3012,127.817,51.054,0.117647,0.117647
00023.jpg,1719920199555,PuReST,20,-1,-1,12,20,0.6,287.367,77.3012,127.817,51.054,0.117647,0.117647
00024.jpg,1719920199588,PuReST,59,-1,-1,35,59,0.59322,201.345,201.846,155.769,150.071,0.685714,0.685714
00025.jpg,1719920199621,PuReST,29,-1,-1,29,29,1,258.806,87.3179,0,91.1062,0.40625,0.40625
00026.jpg,1719920199654,PuReST,83,-1,-1,35,83,0.421687,237.932,176.625,86.4468,193.103,0.714286,0.714286
00027.jpg,1719920199687,PuReST,82,-1,-1,33,82,0.402439,238.014,175.851,86.4343,188.936,0.764706,0.705882
00028.jpg,1719920199720,PuReST,48,-1,-1,24,48,0.5,195.601,197.745,169.562,116.261,0.542857,0.542857
00029.jpg,1719920199753,PuReST,-1,-1,-1,-1,-1,1,62,67,-1,-1,-1,-1
00030.jpg,1719920199786,PuReST,27,-1,-1,8,27,0.296296,171.715,229.534,89.2754,59.1058,0.03125,0.03125
00031.jpg,1719920199819,PuReST,34,-1,-1,22,34,0.647059,252.378,135.267,71.1956,88.9773,0.0294118,0.0294118
00032.jpg,1719920199852,PuReST,34,-1,-1,22,34,0.647059,252.378,135.267,71.1956,88.9773,0.0294118,0.0294118
00033.jpg,1719920199885,PuReST,23,-1,-1,5,23,0.217391,177.395,228.208,96.9842,48.6502,0,0
00034.jpg,1719920199918,PuReST,25,-1,-1,21,25,0.84,256.677,133.975,76.0119,72.3933,0.0571429,0.0571429
00035.jpg,1719920199951,PuReST,51,-1,-1,34,51,0.666667,272.431,123.677,162.804,134.856,0.111111,0.111111
00036.jpg,1719920199984,PuReST,46,-1,-1,25,46,0.543478,247.211,137.656,70.0933,113.979,0,0
00037.jpg,1719920200017,PuReST,55,-1,-1,32,55,0.581818,252.883,189.085,166.336,139.058,0.694444,0.694444
00038.jpg,1719920200050,PuReST,52,-1,-1,26,52,0.5,194.401,199.202,174.365,125.949,0.571429,0.571429
00039.jpg,1719920200083,PuReST,35,-1,-1,22,35,0.628571,119.472,119.709,43.214,90.7035,0.117647,0.117647
00040.jpg,1719920200116,PuReST,50,-1,-1,31,50,0.62,196.583,197.711,175.182,128.991,0.6,0.6
00041.jpg,1719920200149,PuReST,52,-1,-1,25,52,0.480769,193.916,199.833,172.817,124.698,0.555556,0.555556
00042.jpg,1719920200182,PuReST,80,-1,-1,56,80,0.7,142.911,138.135,132.55,215.295,0,0
00043.jpg,1719920200215,PuReST,52,-1,-1,31,52,0.596154,250.473,191.236,172.863,132.471,0.542857,0.542857
00044.jpg,1719920200248,PuReST,51,-1,-1,32,51,0.627451,193.123,200.045,174.296,132.09,0.529412,0.529412
00045.jpg,1719920200281,PuReST,64,-1,-1,47,64,0.734375,202.331,204.789,149.848,175.382,0.771429,0.771429
00046.jpg,1719920200314,PuReST,39,-1,-1,20,39,0.512821,288.571,186.228,164.677,95.0955,0.0882353,0.0882353
00047.jpg,1719920200347,PuReST,46,-1,-1,37,46,0.804348,133.803,136.654,166.979,130.76,0.0571429,0.0571429
00048.jpg,1719920200380,PuReST,22,-1,-1,8,22,0.363636,98.3866,220.878,106.595,49.7254,0,0
00049.jpg,1719920200413,PuReST,55,-1,-1,34,55,0.618182,194.193,201.891,169.392,141.754,0.666667,0.666667
00050.jpg,1719920200446,PuReST,65,-1,-1,23,65,0.353846,295.809,180.974,26.8605,146.217,0.147059,0.147059
00051.jpg,1719920200479,PuReST,33,-1,-1,19,33,0.575758,289.106,85.4418,167.041,83.1684,0.181818,0.181818
00052.jpg,1719920200512,PuReST,48,-1,-1,10,48,0.208333,144.391,150.254,67.6528,101.16,0.0857143,0.0857143
00053.jpg,1719920200545,PuReST,41,-1,-1,18,41,0.439024,280.96,194.333,176.891,96.2321,0,0
00054.jpg,1719920200578,PuReST,45,-1,-1,32,45,0.711111,272.398,190.949,147.96,121.815,0.0857143,0.0857143
00055.jpg,1719920200611,PuReST,46,-1,-1,29,46,0.630435,191.56,198.637,179.243,119.328,0.588235,0.588235
00056.jpg,1719920200644,PuReST,54,-1,-1,46,54,0.851852,199.892,199.87,168.623,157.331,0.617647,0.617647
00057.jpg,1719920200677,PuReST,43,-1,-1,30,43,0.697674,141.102,204.967,168.667,115.579,0.638889,0.638889
00058.jpg,1719920200710,PuReST,43,-1,-1,30,43,0.697674,141.102,204.967,168.667,115.579,0.638889,0.638889
00059.jpg,1719920200743,PuReST,28,-1,-1,19,28,0.678571,280.307,196.068,151.771,74.5058,0,0
00060.jpg,1719920200776,PuReST,56,-1,-1,30,56,0.535714,193.595,203.694,166.774,138.193,0.694444,0.694444
00061.jpg,1719920200809,PuReST,56,-1,-1,32,56,0.571429,194.014,203.59,166.2,140.813,0.685714,0.685714
00062.jpg,1719920200842,PuReST,57,-1,-1,32,57,0.561404,194.068,203.44,166.262,142.572,0.657143,0.657143
00063.jpg,1719920200875,PuReST,57,-1,-1,32,57,0.561404,194.068,203.44,166.262,142.572,0.657143,0.657143
00064.jpg,1719920200908,PuReST,17,-1,-1,7,17,0.411765,283.384,206.887,61.1968,39.3535,0,0
00065.jpg,1719920200941,PuReST,45,-1,-1,28,45,0.622222,274.803,189.944,151.281,116.228,0.0625,0.0625
00066.jpg,1719920200974,PuReST,18,-1,-1,13,18,0.722222,169.181,162.25,34.6677,49.0119,0.424242,0.393939
00067.jpg,1719920201007,PuReST,30,-1,-1,15,30,0.5,136.921,140.286,151.745,72.6632,0.0555556,0.0555556
00068.jpg,1719920201040,PuReST,15,-1,-1,10,15,0.666667,136.544,155.846,79.1919,39.6636,0.030303,0.030303
00069.jpg,1719920201073,PuReST,36,-1,-1,27,36,0.75,282.922,194.177,35.7842,99.4657,0,0
00070.jpg,1719920201106,PuReST,28,-1,-1,19,28,0.678571,171.158,168.724,170.864,74.5058,0.514286,0.514286
00071.jpg,1719920201139,PuReST,77,-1,-1,50,77,0.649351,208.135,208.427,144.701,201.752,0.666667,0.666667
00072.jpg,1719920201172,PuReST,60,-1,-1,37,60,0.616667,198.968,205.525,157.889,154.516,0.666667,0.666667
00073.jpg,1719920201205,PuReST,59,-1,-1,38,59,0.644068,199.697,205.481,155.41,154.158,0.666667,0.666667
00074.jpg,1719920201238,PuReST,19,-1,-1,5,19,0.263158,194.759,154.092,89.5606,40.9774,0,0
00075.jpg,1719920201271,PuReST,-1,-1,-1,-1,-1,1,62,67,-1,-1,-1,-1
00076.jpg,1719920201304,PuReST,24,-1,-1,13,24,0.541667,250.036,142.214,99.6357,59.4109,0.228571,0.171429
00077.jpg,1719920201337,PuReST,16,-1,-1,9,16,0.5625,169.449,159.638,71.1312,40.0434,0.363636,0.363636
00078.jpg,1719920201370,PuReST,51,-1,-1,28,51,0.54902,192.329,202.33,169.598,126.737,0.6,0.6
00079.jpg,1719920201403,PuReST,55,-1,-1,35,55,0.636364,195.523,202.469,167.455,143.122,0.647059,0.647059
00080.jpg,1719920201436,PuReST,51,-1,-1,28,51,0.54902,192.329,202.33,169.598,126.737,0.6,0.6
00081.jpg,1719920201469,PuReST,51,-1,-1,28,51,0.54902,192.329,202.33,169.598,126.737,0.6,0.6
00082.jpg,1719920201502,PuReST,57,-1,-1,38,57,0.666667,197.085,201.434,169.32,150.722,0.694444,0.694444
00083.jpg,1719920201535,PuReST,20,-1,-1,5,20,0.25,183.006,142.867,71.9395,42.8875,0,0
00084.jpg,1719920201568,PuReST,48,-1,-1,18,48,0.375,106.518,119.522,88.9111,109.099,0.272727,0.272727
00085.jpg,1719920201601,PuReST,62,-1,-1,52,62,0.83871,204.406,202.342,139.347,179.415,0.75,0.75
00086.jpg,1719920201634,PuReST,116,-1,-1,68,116,0.586207,232.066,195.175,84.4704,293.965,0.685714,0.794118
00087.jpg,1719920201667,PuReST,103,-1,-1,78,103,0.757282,226.804,198.252,78.4504,285.672,0.857143,0.861111
00088.jpg,1719920201700,PuReST,102,-1,-1,74,102,0.72549,225.829,197.465,76.0785,278.212,0.909091,0.939394
00089.jpg,1719920201733,PuReST,104,-1,-1,69,104,0.663462,224.634,195.195,75.2513,274.536,1,1
00090.jpg,1719920201766,PuReST,102,-1,-1,73,102,0.715686,225.068,196.643,75.845,276.78,0.939394,1
00091.jpg,1719920201799,PuReST,88,-1,-1,75,88,0.852273,218.979,197.38,66.1208,256.447,0.857143,0.861111
00092.jpg,1719920201832,PuReST,102,-1,-1,73,102,0.715686,224.714,196.996,75.9428,276.78,1,1
00093.jpg,1719920201865,PuReST,102,-1,-1,72,102,0.705882,225.458,196.584,74.2577,275.354,1,1
00094.jpg,1719920201898,PuReST,101,-1,-1,75,101,0.742574,225.9,197.196,77.091,277.971,0.941176,0.941176
00095.jpg,1719920201931,PuReST,101,-1,-1,73,101,0.722772,225.698,197.062,75.0688,275.091,0.939394,1
00096.jpg,1719920201964,PuReST,101,-1,-1,76,101,0.752475,226.399,197.795,76.9051,279.419,0.878788,0.885714
00097.jpg,1719920201997,PuReST,102,-1,-1,74,102,0.72549,226.706,197.173,76.767,278.212,0.969697,0.939394
00098.jpg,1719920202030,PuReST,103,-1,-1,75,103,0.728155,226.08,198.111,74.967,281.334,0.885714,0.861111
00099.jpg,1719920202063,PuReST,103,-1,-1,73,103,0.708738,225.305,197.247,73.5438,278.472,0.944444,1
00100.jpg,1719920202096,PuReST,103,-1,-1,72,103,0.699029,225.328,196.686,76.0839,277.05,1,1
00101.jpg,1719920202129,PuReST,103,-1,-1,75,103,0.728155,225.48,198.307,75.9454,281.334,0.848485,0.852941
00102.jpg,1719920202162,PuReST,102,-1,-1,76,102,0.745098,226.048,197.651,76.1926,281.095,0.852941,0.911765
00103.jpg,1719920202195,PuReST,102,-1,-1,75,102,0.735294,226.097,198.083,77.0645,279.651,0.911765,0.911765
00104.jpg,1719920202228,PuReST,102,-1,-1,76,102,0.745098,225.755,198.342,76.71,281.095,0.909091,0.885714
00105.jpg,1719920202261,PuReST,102,-1,-1,73,102,0.715686,225.102,197.322,75.5187,276.78,0.970588,1
00106.jpg,1719920202294,PuReST,102,-1,-1,74,102,0.72549,225.535,197.927,76.2871,278.212,0.939394,0.942857
00107.jpg,1719920202327,PuReST,102,-1,-1,73,102,0.715686,224.801,197.47,75.1827,276.78,0.941176,1
00108.jpg,1719920202360,PuReST,103,-1,-1,75,103,0.728155,225.261,198.39,76.6282,281.334,0.878788,0.852941
00109.jpg,1719920202393,PuReST,102,-1,-1,75,102,0.735294,225.226,198.278,76.2752,279.651,0.878788,0.885714
00110.jpg,1719920202426,PuReST,106,-1,-1,70,106,0.660377,223.687,197.257,75.2527,279.359,1,1
00111.jpg,1719920202459,PuReST,103,-1,-1,75,103,0.728155,225.779,197.812,76.2883,281.334,0.909091,0.942857
00112.jpg,1719920202492,PuReST,94,-1,-1,65,94,0.691489,231.965,191.681,89.885,251.838,1,1
00113.jpg,1719920202525,PuReST,94,-1,-1,66,94,0.702128,231.58,192.789,86.2176,253.255,1,1
00114.jpg,1719920202558,PuReST,103,-1,-1,75,103,0.728155,226.892,197.289,77.8179,281.334,0.970588,0.914286
00115.jpg,1719920202591,PuReST,96,-1,-1,63,96,0.65625,230.459,191.218,85.8555,252.453,1,1
00116.jpg,1719920202624,PuReST,96,-1,-1,65,96,0.677083,230.71,192.598,87.106,255.248,1,1
00117.jpg,1719920202657,PuReST,95,-1,-1,66,95,0.694737,230.911,192.897,87.6398,254.954,1,1
00118.jpg,1719920202690,PuReST,95,-1,-1,65,95,0.684211,232.041,192.972,88.5431,253.541,1,1
00119.jpg,1719920202723,PuReST,103,-1,-1,76,103,0.737864,226.31,198.722,77.99,282.774,0.911765,0.885714
00120.jpg,1719920202756,PuReST,95,-1,-1,65,95,0.684211,231.704,192.564,89.2832,253.541,1,1
00121.jpg,1719920202789,PuReST,93,-1,-1,65,93,0.698925,231.275,192.884,87.1099,250.138,1,1
00122.jpg,1719920202822,PuReST,99,-1,-1,67,99,0.676768,228.218,194.026,83.7401,263.18,1,1
00123.jpg,1719920202855,PuReST,103,-1,-1,73,103,0.708738,225.041,197.652,75.5576,278.472,0.969697,0.971429
00124.jpg,1719920202888,PuReST,89,-1,-1,65,89,0.730337,232.971,192.104,91.3109,243.374,0.941176,0.972222
00125.jpg,1719920202921,PuReST,103,-1,-1,76,103,0.737864,225.729,199.007,76.9311,282.774,0.852941,0.885714
00126.jpg,1719920202954,PuReST,53,-1,-1,25,53,0.471698,189.556,206.531,164.948,126.502,0.787879,0.617647
00127.jpg,1719920202987,PuReST,14,-1,-1,5,14,0.357143,189.304,160.328,59.8109,31.5434,0,0
00128.jpg,1719920203020,PuReST,18,-1,-1,12,18,0.666667,167.413,163.371,40.084,47.5963,0.424242,0.424242
00129.jpg,1719920203053,PuReST,9,-1,-1,5,9,0.555556,166.96,231.869,0,22.4423,0,0
00130.jpg,1719920203086,PuReST,8,-1,-1,5,8,0.625,166.463,231.876,0,20.6931,0,0
00131.jpg,1719920203119,PuReST,33,-1,-1,14,33,0.424242,287.257,197.88,39.8296,76.8751,0,0
00132.jpg,1719920203152,PuReST,-1,-1,-1,-1,-1,1,62,67,-1,-1,-1,-1
00133.jpg,1719920203185,PuReST,-1,-1,-1,-1,-1,1,62,67,-1,-1,-1,-1
00134.jpg,1719920203218,PuReST,18,-1,-1,8,18,0.444444,167.089,160.527,43.9512,42.3653,0.371429,0.371429
00135.jpg,1719920203251,PuReST,29,-1,-1,9,29,0.310345,247.817,77.9984,66.2127,63.8981,0.228571,0.228571
00136.jpg,1719920203284,PuReST,19,-1,-1,5,19,0.263158,293.431,190.693,2.23894,40.9774,0,0
00137.jpg,1719920203317,PuReST,32,-1,-1,21,32,0.65625,274.105,130.855,174.059,84.1512,0.0882353,0.0882353
00138.jpg,1719920203350,PuReST,19,-1,-1,11,19,0.578947,269.486,77.0139,127.325,47.9654,0.15625,0.15625
00139.jpg,1719920203383,PuReST,25,-1,-1,13,25,0.52,284.14,146.066,52.0335,61.1878,0.0285714,0.0285714
00140.jpg,1719920203416,PuReST,19,-1,-1,7,19,0.368421,76.978,132.338,15.1222,43.0454,0.193548,0.193548
00141.jpg,1719920203449,PuReST,14,-1,-1,8,14,0.571429,82.3688,133.949,19.464,35.2031,0.21875,0.21875
00142.jpg,1719920203482,PuReST,39,-1,-1,9,39,0.230769,130.787,186.589,110.682,82.9504,0,0
00143.jpg,1719920203515,PuReST,47,-1,-1,23,47,0.489362,134.999,179.171,97.8202,113.211,0.166667,0.166667
00144.jpg,1719920203548,PuReST,58,-1,-1,26,58,0.448276,234.766,132.319,119.518,136.778,0.176471,0.147059
00145.jpg,1719920203581,PuReST,58,-1,-1,26,58,0.448276,234.766,132.319,119.518,136.778,0.147059,0.117647
00146.jpg,1719920203614,PuReST,58,-1,-1,26,58,0.448276,234.766,132.319,119.518,136.778,0.117647,0.117647
00147.jpg,1719920203647,PuReST,56,-1,-1,27,56,0.482143,246.301,110.32,100.13,134.386,0.0294118,0.0294118
00148.jpg,1719920203680,PuReST,60,-1,-1,36,60,0.6,195.427,205.918,162.672,153.162,0.705882,0.705882
00149.jpg,1719920203713,PuReST,61,-1,-1,37,61,0.606557,208.386,196.422,166.416,156.255,0.694444,0.676471
00150.jpg,1719920203746,PuReST,25,-1,-1,7,25,0.28,275.721,143.357,44.0431,54.3235,0,0
00151.jpg,1719920203779,PuReST,25,-1,-1,18,25,0.72,163.799,240.469,49.2218,67.9925,0,0
00152.jpg,1719920203812,PuReST,18,-1,-1,13,18,0.722222,273.637,140.598,73.1358,49.0119,0.0294118,0
00153.jpg,1719920203845,PuReST,20,-1,-1,8,20,0.4,182.15,144.119,72.1373,46.0256,0,0
00154.jpg,1719920203878,PuReST,20,-1,-1,8,20,0.4,182.391,144.2,74.3772,46.0256,0,0
00155.jpg,1719920203911,PuReST,21,-1,-1,8,21,0.380952,181.537,144.237,73.3992,47.8711,0,0
00156.jpg,1719920203944,PuReST,15,-1,-1,6,15,0.4,220.108,151.098,87.5188,34.5192,0,0
00157.jpg,1719920203977,PuReST,8,-1,-1,5,8,0.625,144.49,175.443,0,20.6931,0,0
00158.jpg,1719920204010,PuReST,49,-1,-1,30,49,0.612245,191.657,201.878,166.587,125.894,0.529412,0.529412
00159.jpg,1719920204043,PuReST,42,-1,-1,19,42,0.452381,256.151,83.6807,56.7303,99.2549,0.25,0.25
00160.jpg,1719920204076,PuReST,38,-1,-1,21,38,0.552632,244.131,138.185,112.996,94.6106,0,0
00161.jpg,1719920204109,PuReST,31,-1,-1,26,31,0.83871,125.375,88.7461,171.552,89.7077,0.294118,0.294118
00162.jpg,1719920204142,PuReST,18,-1,-1,4,18,0.222222,221.599,150.178,84.2082,38.1494,0,0
00163.jpg,1719920204175,PuReST,53,-1,-1,34,53,0.641509,194.484,204.343,161.703,138.294,0.657143,0.657143
00164.jpg,1719920204208,PuReST,23,-1,-1,9,23,0.391304,173.142,236.961,111.481,52.7002,0,0
00165.jpg,1719920204241,PuReST,23,-1,-1,9,23,0.391304,173.142,236.961,111.481,52.7002,0,0
00166.jpg,1719920204274,PuReST,58,-1,-1,40,58,0.689655,243,149,27.4513,155.239,0.176471,0.176471
00167.jpg,1719920204307,PuReST,24,-1,-1,16,24,0.666667,168.701,166.719,25.8808,63.4618,0.441176,0.411765
00168.jpg,1719920204340,PuReST,16,-1,-1,4,16,0.25,221.549,150.349,83.2786,34.31,0,0
00169.jpg,1719920204373,PuReST,62,-1,-1,36,62,0.580645,198.235,209.572,151.052,156.659,0.722222,0.722222
00170.jpg,1719920204406,PuReST,62,-1,-1,36,62,0.580645,198.235,209.572,151.052,156.659,0.722222,0.722222
00171.jpg,1719920204439,PuReST,62,-1,-1,36,62,0.580645,198.235,209.572,151.052,156.659,0.722222,0.722222
00172.jpg,1719920204472,PuReST,18,-1,-1,12,18,0.666667,188.546,145.692,61.1594,47.5963,0,0
00173.jpg,1719920204505,PuReST,41,-1,-1,29,41,0.707317,138.88,142.623,56.1408,110.765,0.0833333,0.0833333
00174.jpg,1719920204538,PuReST,41,-1,-1,29,41,0.707317,138.88,142.623,56.1408,110.765,0.0833333,0.0833333
00175.jpg,1719920204571,PuReST,50,-1,-1,40,50,0.8,148.501,139.604,0,141.808,0,0
00176.jpg,1719920204604,PuReST,30,-1,-1,18,30,0.6,281.947,190.877,172.578,76.581,0,0
00177.jpg,1719920204637,PuReST,30,-1,-1,18,30,0.6,281.947,190.877,172.578,76.581,0,0
00178.jpg,1719920204670,PuReST,34,-1,-1,29,34,0.852941,276.687,191.334,164.807,99.1161,0,0
00179.jpg,1719920204703,PuReST,34,-1,-1,29,34,0.852941,276.687,191.334,164.807,99.1161,0,0
00180.jpg,1719920204736,PuReST,16,-1,-1,14,16,0.875,288.854,137.639,60.8441,47.1763,0.352941,0.352941
00181.jpg,1719920204769,PuReST,7,-1,-1,3,7,0.428571,221.5,148,0,16.3427,0,0
00182.jpg,1719920204802,PuReST,-1,-1,-1,-1,-1,1,62,67,-1,-1,-1,-1
00183.jpg,1719920204835,PuReST,-1,-1,-1,-1,-1,1,62,67,-1,-1,-1,-1
00184.jpg,1719920204868,PuReST,57,-1,-1,24,57,0.421053,118.407,133.347,6.6161,132.57,0.0857143,0.0857143
00185.jpg,1719920204901,PuReST,66,-1,-1,53,66,0.80303,207.219,205.494,141.478,187.483,0.805556,0.805556
00186.jpg,1719920204934,PuReST,84,-1,-1,47,84,0.559524,256.108,195.42,84.8574,209.899,0.285714,0.285714
00187.jpg,1719920204967,PuReST,111,-1,-1,70,111,0.630631,227.971,198.152,81.3945,287.973,0.833333,1
00188.jpg,1719920205000,PuReST,104,-1,-1,78,104,0.75,229.854,200.267,82.0104,287.345,0.794118,0.828571
00189.jpg,1719920205033,PuReST,105,-1,-1,75,105,0.714286,227.777,199.505,76.4928,284.71,0.882353,0.878788
00190.jpg,1719920205066,PuReST,105,-1,-1,75,105,0.714286,227.98,199.389,76.7674,284.71,0.875,0.878788
00191.jpg,1719920205099,PuReST,89,-1,-1,64,89,0.719101,236.01,192.38,93.3806,241.939,0.888889,0.916667
00192.jpg,1719920205132,PuReST,105,-1,-1,67,105,0.638095,227.785,196.456,78.3319,273.484,1,1
00193.jpg,1719920205165,PuReST,98,-1,-1,64,98,0.653061,231,193.837,83.6674,257.279,1,1
00194.jpg,1719920205198,PuReST,94,-1,-1,65,94,0.691489,234.567,193.296,89.9705,251.838,1,1
00195.jpg,1719920205231,PuReST,110,-1,-1,70,110,0.636364,227.565,198.586,78.1276,286.245,1,1
00196.jpg,1719920205264,PuReST,105,-1,-1,74,105,0.704762,227.359,199.303,76.3531,283.285,0.878788,0.878788
00197.jpg,1719920205297,PuReST,94,-1,-1,66,94,0.702128,215.325,190.315,29.9751,253.255,0.882353,0.916667
00198.jpg,1719920205330,PuReST,95,-1,-1,62,95,0.652632,232.418,192.699,84.9679,249.346,1,1
00199.jpg,1719920205363,PuReST,95,-1,-1,63,95,0.663158,232.439,193.594,85.7962,250.737,1,1
00200.jpg,1719920205396,PuReST,93,-1,-1,63,93,0.677419,235.635,192.589,93.0361,247.315,0.916667,0.944444
00201.jpg,1719920205429,PuReST,100,-1,-1,68,100,0.68,230.179,195.875,82.0441,266.293,1,1
00202.jpg,1719920205462,PuReST,93,-1,-1,64,93,0.688172,234.552,193.543,89.1735,248.723,1,1
00203.jpg,1719920205495,PuReST,99,-1,-1,66,99,0.666667,229.727,195.689,80.0869,261.78,1,1
00204.jpg,1719920205528,PuReST,103,-1,-1,72,103,0.699029,227.696,198.41,77.6387,277.05,0.971429,0.971429
00205.jpg,1719920205561,PuReST,104,-1,-1,73,104,0.701923,227.871,198.916,77.3541,280.167,0.911765,0.916667
00206.jpg,1719920205594,PuReST,103,-1,-1,73,103,0.708738,227.654,198.873,77.3087,278.472,0.911765,0.914286
00207.jpg,1719920205627,PuReST,104,-1,-1,73,104,0.701923,227.49,199.039,77.9785,280.167,0.885714,0.942857
00208.jpg,1719920205660,PuReST,88,-1,-1,72,88,0.818182,234.486,196.788,87.6037,251.956,0.972222,0.972222
00209.jpg,1719920205693,PuReST,109,-1,-1,72,109,0.66055,230.273,199.421,84.4948,287.292,0.942857,0.914286
00210.jpg,1719920205726,PuReST,103,-1,-1,78,103,0.757282,228.207,201.035,79.8088,285.672,0.833333,0.833333
00211.jpg,1719920205759,PuReST,103,-1,-1,72,103,0.699029,227.591,199.198,76.7096,277.05,0.875,0.9375
00212.jpg,1719920205792,PuReST,78,-1,-1,70,78,0.897436,227.646,196.535,7.04963,232.648,0.971429,0.861111
00213.jpg,1719920205825,PuReST,104,-1,-1,76,104,0.730769,227.275,201.017,79.4247,284.456,0.833333,0.833333
00214.jpg,1719920205858,PuReST,87,-1,-1,73,87,0.83908,234.065,196.895,86.231,251.809,0.972222,0.972222
00215.jpg,1719920205891,PuReST,104,-1,-1,76,104,0.730769,227.331,200.987,78.334,284.456,0.857143,0.833333
00216.jpg,1719920205924,PuReST,104,-1,-1,75,104,0.721154,227.021,200.333,77.2415,283.021,0.878788,0.857143
00217.jpg,1719920205957,PuReST,93,-1,-1,62,93,0.666667,231.266,193.671,83.5476,245.914,1,1
00218.jpg,1719920205990,PuReST,104,-1,-1,71,104,0.682692,227.233,198.393,78.1681,277.339,1,1
00219.jpg,1719920206023,PuReST,105,-1,-1,74,105,0.704762,227.236,199.353,77.8226,283.285,0.878788,0.885714
00220.jpg,1719920206056,PuReST,103,-1,-1,71,103,0.68932,227.464,198.606,77.6309,275.635,1,1
00221.jpg,1719920206089,PuReST,103,-1,-1,73,103,0.708738,227.836,198.615,79.4301,278.472,0.888889,0.944444
00222.jpg,1719920206122,PuReST,104,-1,-1,70,104,0.673077,227.358,197.824,76.9631,275.934,1,1
00223.jpg,1719920206155,PuReST,91,-1,-1,65,91,0.714286,235.456,193.656,92.9145,246.749,0.914286,0.944444
00224.jpg,1719920206188,PuReST,94,-1,-1,65,94,0.691489,234.357,194.517,90.0334,251.838,1,1
00225.jpg,1719920206221,PuReST,95,-1,-1,61,95,0.642105,233.395,193.336,85.5334,247.963,1,1
00226.jpg,1719920206254,PuReST,93,-1,-1,67,93,0.72043,233.733,195.132,86.7235,252.989,0.972222,0.972222
00227.jpg,1719920206287,PuReST,98,-1,-1,64,98,0.653061,231.396,194.908,84.057,257.279,1,1
00228.jpg,1719920206320,PuReST,89,-1,-1,76,89,0.853933,235.856,197.88,95.7603,259.584,0.916667,0.888889
00229.jpg,1719920206353,PuReST,104,-1,-1,75,104,0.721154,227.86,201.154,77.5473,283.021,0.852941,0.828571
00230.jpg,1719920206386,PuReST,91,-1,-1,63,91,0.692308,232.176,193.769,90.7501,243.906,0.9375,0.9375
00231.jpg,1719920206419,PuReST,94,-1,-1,66,94,0.702128,232.822,195.713,92.1193,253.255,1,1
00232.jpg,1719920206452,PuReST,104,-1,-1,78,104,0.75,226.946,202.161,80.2114,287.345,0.805556,0.805556
00233.jpg,1719920206485,PuReST,103,-1,-1,79,103,0.76699,227.163,202.2,79.838,287.129,0.777778,0.777778
00234.jpg,1719920206518,PuReST,92,-1,-1,67,92,0.728261,214.074,192.457,29.3996,251.303,0.916667,0.888889
00235.jpg,1719920206551,PuReST,103,-1,-1,74,103,0.718447,226.338,200.35,76.8062,279.9,0.878788,0.852941
00236.jpg,1719920206584,PuReST,87,-1,-1,61,87,0.701149,235.855,192.537,97.3886,234.275,0.823529,0.823529
00237.jpg,1719920206617,PuReST,90,-1,-1,65,90,0.722222,235.101,194.97,95.7427,245.059,0.944444,0.972222
00238.jpg,1719920206650,PuReST,104,-1,-1,69,104,0.663462,226.486,198.599,76.9198,274.536,1,1
00239.jpg,1719920206683,PuReST,106,-1,-1,78,106,0.735849,228.975,201.31,81.9631,290.702,0.805556,0.805556
00240.jpg,1719920206716,PuReST,104,-1,-1,71,104,0.682692,225.581,198.977,74.7858,277.339,1,0.942857
00241.jpg,1719920206749,PuReST,104,-1,-1,78,104,0.75,227.333,201.331,79.1563,287.345,0.777778,0.833333
00242.jpg,1719920206782,PuReST,104,-1,-1,76,104,0.730769,226.427,200.718,77.5503,284.456,0.857143,0.857143
00243.jpg,1719920206815,PuReST,89,-1,-1,65,89,0.730337,235.488,194.106,99.8169,243.374,0.885714,0.888889
00244.jpg,1719920206848,PuReST,104,-1,-1,71,104,0.682692,226.77,199.043,80.0077,277.339,1,1
00245.jpg,1719920206881,PuReST,94,-1,-1,67,94,0.712766,230.174,196.773,82.5902,254.679,1,1
00246.jpg,1719920206914,PuReST,96,-1,-1,68,96,0.708333,231.539,196.829,84.8639,259.491,1,1
00247.jpg,1719920206947,PuReST,91,-1,-1,66,91,0.725275,233.797,195.775,88.9486,248.181,0.971429,0.972222
00248.jpg,1719920206980,PuReST,104,-1,-1,75,104,0.721154,227.894,201.285,81.2148,283.021,0.833333,0.833333
00249.jpg,1719920207013,PuReST,103,-1,-1,76,103,0.737864,227.596,202.448,78.094,282.774,0.8,0.805556
00250.jpg,1719920207046,PuReST,88,-1,-1,76,88,0.863636,234.607,199.742,90.3914,257.956,0.875,0.84375
00251.jpg,1719920207079,PuReST,89,-1,-1,70,89,0.786517,233.906,197.738,83.9976,250.649,1,0.971429
00252.jpg,1719920207112,PuReST,96,-1,-1,64,96,0.666667,231.051,196.28,83.2104,253.847,1,1
00253.jpg,1719920207145,PuReST,105,-1,-1,71,105,0.67619,226.828,199.875,77.3911,279.046,0.911765,0.916667
00254.jpg,1719920207178,PuReST,103,-1,-1,76,103,0.737864,227.313,201.826,77.6359,282.774,0.823529,0.828571
00255.jpg,1719920207211,PuReST,104,-1,-1,74,104,0.711538,227.146,201.292,77.6085,281.591,0.828571,0.857143
00256.jpg,1719920207244,PuReST,88,-1,-1,75,88,0.852273,234.508,198.674,89.0977,256.447,0.909091,0.911765
00257.jpg,1719920207277,PuReST,91,-1,-1,61,91,0.67033,237.702,194.289,102.46,241.092,0.828571,0.833333
00258.jpg,1719920207310,PuReST,86,-1,-1,79,86,0.918605,220.175,201.707,73.5436,259.298,0.771429,0.777778
00259.jpg,1719920207343,PuReST,89,-1,-1,69,89,0.775281,233.186,196.65,84.3752,249.181,0.972222,0.972222
00260.jpg,1719920207376,PuReST,96,-1,-1,63,96,0.65625,231.949,195.33,86.7786,252.453,1,1
00261.jpg,1719920207409,PuReST,105,-1,-1,71,105,0.67619,226.149,200.161,75.445,279.046,0.909091,0.941176
00262.jpg,1719920207442,PuReST,103,-1,-1,76,103,0.737864,227.002,201.646,78.7643,282.774,0.857143,0.833333
00263.jpg,1719920207475,PuReST,92,-1,-1,64,92,0.695652,231.914,195.615,87.7943,247.022,0.972222,1
00264.jpg,1719920207508,PuReST,95,-1,-1,64,95,0.673684,231.404,195.887,84.3666,252.136,1,1
00265.jpg,1719920207541,PuReST,91,-1,-1,64,91,0.703297,232.015,195.762,86.9378,245.324,0.972222,0.972222
00266.jpg,1719920207574,PuReST,97,-1,-1,65,97,0.670103,229.87,196.35,82.2843,256.957,1,1
00267.jpg,1719920207607,PuReST,94,-1,-1,64,94,0.680851,231.633,195.941,85.5819,250.428,1,1
00268.jpg,1719920207640,PuReST,106,-1,-1,74,106,0.698113,227.136,200.774,79.2262,284.982,0.833333,0.833333
00269.jpg,1719920207673,PuReST,104,-1,-1,76,104,0.730769,226.998,202.042,78.9798,284.456,0.828571,0.833333
00270.jpg,1719920207706,PuReST,90,-1,-1,61,90,0.677778,237.824,193.996,101.538,239.382,0.805556,0.805556
00271.jpg,1719920207739,PuReST,96,-1,-1,65,96,0.677083,230.777,196.467,83.8409,255.248,1,1
00272.jpg,1719920207772,PuReST,92,-1,-1,69,92,0.75,234.949,197.88,89.7278,254.19,0.970588,0.972222
00273.jpg,1719920207805,PuReST,103,-1,-1,76,103,0.737864,227.399,202.351,77.9961,282.774,0.823529,0.828571
00274.jpg,1719920207838,PuReST,103,-1,-1,75,103,0.728155,227.142,201.8,77.8426,281.334,0.794118,0.857143
00275.jpg,1719920207871,PuReST,88,-1,-1,74,88,0.840909,234.161,198.869,89.7687,254.944,0.882353,0.914286
00276.jpg,1719920207904,PuReST,89,-1,-1,75,89,0.842697,234.913,200.116,95.6881,258.08,0.833333,0.861111
00277.jpg,1719920207937,PuReST,105,-1,-1,72,105,0.685714,227.14,200.824,79.0297,280.452,0.888889,0.888889
00278.jpg,1719920207970,PuReST,103,-1,-1,76,103,0.737864,227.383,201.236,78.2842,282.774,0.857143,0.833333
00279.jpg,1719920208003,PuReST,88,-1,-1,74,88,0.840909,234.633,198.343,87.4211,254.944,0.916667,0.916667
00280.jpg,1719920208036,PuReST,99,-1,-1,63,99,0.636364,230.044,195.876,82.2282,257.62,1,1
00281.jpg,1719920208069,PuReST,104,-1,-1,73,104,0.701923,227.625,200.721,77.6637,280.167,0.882353,0.857143
00282.jpg,1719920208102,PuReST,104,-1,-1,74,104,0.711538,227.393,201.27,77.6368,281.591,0.828571,0.857143
00283.jpg,1719920208135,PuReST,103,-1,-1,77,103,0.747573,228.085,202.196,77.546,284.22,0.823529,0.823529
00284.jpg,1719920208168,PuReST,89,-1,-1,75,89,0.842697,235.168,198.779,95.7416,258.08,0.861111,0.861111
00285.jpg,1719920208201,PuReST,104,-1,-1,76,104,0.730769,228.698,202.272,78.8589,284.456,0.828571,0.805556
00286.jpg,1719920208234,PuReST,103,-1,-1,77,103,0.747573,228.024,201.966,77.8848,284.22,0.823529,0.823529
00287.jpg,1719920208267,PuReST,89,-1,-1,75,89,0.842697,234.939,198.747,94.2183,258.08,0.888889,0.861111
00288.jpg,1719920208300,PuReST,97,-1,-1,62,97,0.639175,231.465,195.941,84.6921,252.791,1,1
00289.jpg,1719920208333,PuReST,106,-1,-1,73,106,0.688679,228.219,201.801,78.0758,283.567,0.833333,0.861111
00290.jpg,1719920208366,PuReST,96,-1,-1,61,96,0.635417,230.949,196.177,84.1612,249.689,1,1
00291.jpg,1719920208399,PuReST,99,-1,-1,62,99,0.626263,230.951,196.562,84.6493,256.248,1,1
00292.jpg,1719920208432,PuReST,93,-1,-1,62,93,0.666667,232.989,195.649,86.9008,245.914,0.944444,0.972222
00293.jpg,1719920208465,PuReST,101,-1,-1,64,101,0.633663,229.182,197.354,81.5861,262.45,1,1
00294.jpg,1719920208498,PuReST,105,-1,-1,69,105,0.657143,227.358,200.375,75.7296,276.251,1,0.941176
00295.jpg,1719920208531,PuReST,91,-1,-1,60,91,0.659341,234.451,194.413,89.5151,239.696,0.818182,0.823529
00296.jpg,1719920208564,PuReST,97,-1,-1,63,97,0.649485,232.394,196.993,84.2225,254.173,1,1
00297.jpg,1719920208597,PuReST,89,-1,-1,70,89,0.786517,235.397,198.334,86.5179,250.649,0.972222,0.972222
00298.jpg,1719920208630,PuReST,103,-1,-1,64,103,0.621359,228.847,197.987,79.8052,265.912,1,1
00299.jpg,1719920208663,PuReST,92,-1,-1,62,92,0.673913,235.01,195.302,89.9674,244.203,0.882353,0.888889
00300.jpg,1719920208696,PuReST,74,-1,-1,72,74,0.972973,229.521,199.158,169.162,229.347,0.848485,0.852941
00301.jpg,1719920208729,PuReST,98,-1,-1,62,98,0.632653,232.374,196.472,83.721,254.518,1,1
00302.jpg,1719920208762,PuReST,95,-1,-1,63,95,0.663158,233.865,196.011,85.7854,250.737,1,1
00303.jpg,1719920208795,PuReST,94,-1,-1,65,94,0.691489,234.865,196.515,88.6046,251.838,1,0.972222
00304.jpg,1719920208828,PuReST,98,-1,-1,63,98,0.642857,232.773,196.438,84.054,255.895,1,1
00305.jpg,1719920208861,PuReST,95,-1,-1,63,95,0.663158,234.382,195.418,86.863,250.737,1,1
00306.jpg,1719920208894,PuReST,99,-1,-1,65,99,0.656566,232.199,196.847,82.9209,260.386,1,1
00307.jpg,1719920208927,PuReST,96,-1,-1,62,96,0.645833,233.921,195.38,86.0237,251.067,1,1
00308.jpg,1719920208960,PuReST,97,-1,-1,64,97,0.659794,233.561,196.227,84.3648,255.561,1,1
00309.jpg,1719920208993,PuReST,98,-1,-1,62,98,0.632653,234.389,195.357,85.9335,254.518,1,1
00310.jpg,1719920209026,PuReST,102,-1,-1,63,102,0.617647,232.035,196.255,84.2884,262.814,1,1
00311.jpg,1719920209059,PuReST,104,-1,-1,66,104,0.634615,230.043,198.124,80.0919,270.381,1,1
00312.jpg,1719920209092,PuReST,106,-1,-1,76,106,0.716981,231.571,202.277,82.649,287.83,0.8,0.8
00313.jpg,1719920209125,PuReST,104,-1,-1,73,104,0.701923,230.033,201.205,77.4201,280.167,0.852941,0.861111
00314.jpg,1719920209158,PuReST,104,-1,-1,75,104,0.721154,230.594,201.285,79.0006,283.021,0.833333,0.833333
00315.jpg,1719920209191,PuReST,105,-1,-1,78,105,0.742857,231.795,202.789,83.749,289.022,0.794118,0.8
00316.jpg,1719920209224,PuReST,104,-1,-1,73,104,0.701923,230.58,201.087,78.9567,280.167,0.833333,0.861111
00317.jpg,1719920209257,PuReST,94,-1,-1,61,94,0.648936,240.537,194.083,99.9738,246.24,0.777778,0.805556
00318.jpg,1719920209290,PuReST,104,-1,-1,74,104,0.711538,231.325,201.027,80.6162,281.591,0.833333,0.833333
00319.jpg,1719920209323,PuReST,105,-1,-1,76,105,0.72381,231.191,201.246,80.0704,286.142,0.833333,0.833333
00320.jpg,1719920209356,PuReST,105,-1,-1,75,105,0.714286,231.223,201.227,78.9302,284.71,0.857143,0.833333
00321.jpg,1719920209389,PuReST,89,-1,-1,74,89,0.831461,237.79,199.169,92.3236,256.582,0.916667,0.888889
00322.jpg,1719920209422,PuReST,95,-1,-1,66,95,0.694737,236.681,196.677,91.1747,254.954,1,0.971429
00323.jpg,1719920209455,PuReST,101,-1,-1,66,101,0.653465,232.417,197.279,83.1701,265.212,1,1
00324.jpg,1719920209488,PuReST,88,-1,-1,81,88,0.920455,224.168,200.621,66.6228,265.578,0.75,0.75
00325.jpg,1719920209521,PuReST,92,-1,-1,74,92,0.804348,238.779,200.021,94.386,261.519,0.861111,0.861111
00326.jpg,1719920209554,PuReST,16,-1,-1,12,16,0.75,143.998,154.235,97.0288,44.207,0.0588235,0.0588235
00327.jpg,1719920209587,PuReST,49,-1,-1,33,49,0.673469,214.744,163.885,126.295,130.034,0.5,0.5
00328.jpg,1719920209620,PuReST,24,-1,-1,14,24,0.583333,233.154,108.16,48.6092,60.7282,0.0588235,0.0588235
00329.jpg,1719920209653,PuReST,15,-1,-1,4,15,0.266667,97.6304,79.9601,53.8202,32.4007,0,0
00330.jpg,1719920209686,PuReST,9,-1,-1,6,9,0.666667,172.842,159.209,0,23.7982,0,0
00331.jpg,1719920209719,PuReST,35,-1,-1,7,35,0.2,110.82,127.865,177.67,73.5196,0,0
00332.jpg,1719920209752,PuReST,22,-1,-1,9,22,0.409091,259.13,183.55,159.112,50.8596,0.212121,0.212121
00333.jpg,1719920209785,PuReST,52,-1,-1,23,52,0.442308,194.531,209.726,165.504,122.255,0.628571,0.628571
00334.jpg,1719920209818,PuReST,52,-1,-1,23,52,0.442308,194.682,209.641,165.135,122.255,0.657143,0.657143
00335.jpg,1719920209851,PuReST,17,-1,-1,5,17,0.294118,90.9928,92.2092,50.4471,37.1776,0,0
00336.jpg,1719920209884,PuReST,49,-1,-1,47,49,0.959184,289.436,155.714,0,150.813,0.25,0.25
00337.jpg,1719920209917,PuReST,59,-1,-1,52,59,0.881356,292.461,151.968,0,174.532,0.15625,0.15625
00338.jpg,1719920209950,PuReST,59,-1,-1,52,59,0.881356,292.461,151.968,0,174.532,0.15625,0.15625
00339.jpg,1719920209983,PuReST,24,-1,-1,12,24,0.5,277.328,139.35,161.931,58.1305,0.03125,0.03125
00340.jpg,1719920210016,PuReST,33,-1,-1,11,33,0.333333,292.277,198.224,5.25289,73.5044,0,0
00341.jpg,1719920210049,PuReST,8,-1,-1,1,8,0.125,107.676,228.609,78.519,16.3628,0,0
00342.jpg,1719920210082,PuReST,5,-1,-1,1,5,0.2,108.805,228.519,78.5365,10.5028,0,0
00343.jpg,1719920210115,PuReST,5,-1,-1,1,5,0.2,108.805,228.519,78.5365,10.5028,0,0
00344.jpg,1719920210148,PuReST,39,-1,-1,18,39,0.461538,249.335,109.333,73.5108,92.5999,0,0
00345.jpg,1719920210181,PuReST,19,-1,-1,10,19,0.526316,80.1899,108.72,37.9662,46.6566,0.0606061,0.0606061
00346.jpg,1719920210214,PuReST,16,-1,-1,5,16,0.3125,160.643,179.356,89.0973,35.2896,0,0
00347.jpg,1719920210247,PuReST,18,-1,-1,4,18,0.222222,136.927,106.057,62.0628,38.1494,0,0
00348.jpg,1719920210280,PuReST,30,-1,-1,6,30,0.2,269.272,111.304,138.95,63.0168,0.0294118,0
00349.jpg,1719920210313,PuReST,31,-1,-1,14,31,0.451613,253.788,119.508,84.4689,73.2307,0,0
00350.jpg,1719920210346,PuReST,-1,-1,-1,-1,-1,1,62,67,-1,-1,-1,-1
00351.jpg,1719920210379,PuReST,44,-1,-1,20,44,0.454545,217.06,143.859,68.8961,104.097,0.40625,0.40625
00352.jpg,1719920210412,PuReST,37,-1,-1,16,37,0.432432,117.55,133.41,171.187,86.5525,0.0882353,0.0882353
00353.jpg,1719920210445,PuReST,19,-1,-1,5,19,0.263158,109.593,132.329,173.34,40.9774,0,0
00354.jpg,1719920210478,PuReST,27,-1,-1,10,27,0.37037,249.5,151.75,78.4782,61.2283,0.176471,0.176471
00355.jpg,1719920210511,PuReST,22,-1,-1,13,22,0.590909,227.152,187.91,60.6141,55.8905,0.424242,0.272727
00356.jpg,1719920210544,PuReST,16,-1,-1,6,16,0.375,163.151,237.077,61.0113,36.3662,0.212121,0
00357.jpg,1719920210577,PuReST,16,-1,-1,7,16,0.4375,142.003,176.469,139.731,37.5248,0.125,0.125
00358.jpg,1719920210610,PuReST,16,-1,-1,7,16,0.4375,163.876,236.319,57.5012,37.5248,0.212121,0.212121
00359.jpg,1719920210643,PuReST,-1,-1,-1,-1,-1,1,62,67,-1,-1,-1,-1
00360.jpg,1719920210676,PuReST,30,-1,-1,17,30,0.566667,268.569,142.588,53.4514,75.2463,0.0294118,0.0294118
00361.jpg,1719920210709,PuReST,32,-1,-1,14,32,0.4375,93.0705,125.367,65.1765,75.0496,0.176471,0.176471
00362.jpg,1719920210742,PuReST,17,-1,-1,9,17,0.529412,164.494,180.403,60.1155,41.8131,0.09375,0.09375
00363.jpg,1719920210775,PuReST,-1,-1,-1,-1,-1,1,62,67,-1,-1,-1,-1
00364.jpg,1719920210808,PuReST,8,-1,-1,2,8,0.25,242.296,149.986,98.3984,17.155,0,0
00365.jpg,1719920210841,PuReST,12,-1,-1,2,12,0.166667,226.785,144.948,97.1747,24.8918,0,0
00366.jpg,1719920210874,PuReST,20,-1,-1,5,20,0.25,200.037,223.581,107.002,42.8875,0,0
00367.jpg,1719920210907,PuReST,24,-1,-1,7,24,0.291667,143.56,179.754,97.3226,52.4272,0.09375,0.09375
00368.jpg,1719920210940,PuReST,17,-1,-1,7,17,0.411765,181.799,209.601,36.7518,39.3535,0,0
00369.jpg,1719920210973,PuReST,23,-1,-1,5,23,0.217391,166.24,220.004,74.2764,48.6502,0,0
00370.jpg,1719920211006,PuReST,44,-1,-1,22,44,0.5,288.667,146.657,114.316,106.573,0.285714,0.285714
00371.jpg,1719920211039,PuReST,19,-1,-1,6,19,0.315789,279.738,123.111,130.799,41.971,0,0
00372.jpg,1719920211072,PuReST,26,-1,-1,9,26,0.346154,172.35,216.7,84.1832,58.2697,0.0606061,0.0606061
00373.jpg,1719920211105,PuReST,38,-1,-1,28,38,0.736842,231.166,112.709,166.532,104.268,0.666667,0.666667
00374.jpg,1719920211138,PuReST,30,-1,-1,18,30,0.6,229.133,113.257,145.84,76.581,0.848485,0.848485
00375.jpg,1719920211171,PuReST,27,-1,-1,17,27,0.62963,229.411,114.219,143.312,70.0104,0.882353,0.882353
00376.jpg,1719920211204,PuReST,32,-1,-1,20,32,0.625,229.993,113.695,142.46,82.7725,0.852941,0.852941
00377.jpg,1719920211237,PuReST,37,-1,-1,25,37,0.675676,231.463,111.03,167.387,98.3036,0.575758,0.575758
00378.jpg,1719920211270,PuReST,31,-1,-1,19,31,0.612903,231.191,118.296,125.703,79.6749,0.828571,0.828571
00379.jpg,1719920211303,PuReST,11,-1,-1,2,11,0.181818,210.973,195.028,173.707,22.9452,0,0
00380.jpg,1719920211336,PuReST,16,-1,-1,4,16,0.25,210.215,194.212,169.808,34.31,0,0
00381.jpg,1719920211369,PuReST,16,-1,-1,10,16,0.625,142.803,173.384,71.4267,41.3863,0.151515,0.151515
00382.jpg,1719920211402,PuReST,38,-1,-1,29,38,0.763158,233.283,109.5,160.398,105.719,0.638889,0.638889
00383.jpg,1719920211435,PuReST,31,-1,-1,21,31,0.677419,231.254,118.559,150.025,82.4384,0.909091,0.909091
00384.jpg,1719920211468,PuReST,28,-1,-1,15,28,0.535714,168.066,150.158,91.4447,69.0966,0.03125,0.03125
00385.jpg,1719920211501,PuReST,28,-1,-1,15,28,0.535714,168.066,150.158,91.4447,69.0966,0.03125,0.03125
00386.jpg,1719920211534,PuReST,28,-1,-1,15,28,0.535714,168.066,150.158,91.4447,69.0966,0.03125,0.03125
00387.jpg,1719920211567,PuReST,28,-1,-1,24,28,0.857143,233.206,124.887,164.004,81.8023,0.911765,0.911765
00388.jpg,1719920211600,PuReST,21,-1,-1,10,21,0.47619,228.739,130.078,141.836,50.2397,0.6875,0.6875
00389.jpg,1719920211633,PuReST,21,-1,-1,9,21,0.428571,228.289,130.133,143.195,49.0281,0.71875,0.71875
00390.jpg,1719920211666,PuReST,21,-1,-1,9,21,0.428571,228.289,130.133,143.195,49.0281,0.71875,0.71875
00391.jpg,1719920211699,PuReST,53,-1,-1,28,53,0.528302,232.651,182.642,156.426,130.283,0.647059,0.647059
00392.jpg,1719920211732,PuReST,69,-1,-1,53,69,0.768116,242.991,174.033,175.352,192.462,0.694444,0.722222
00393.jpg,1719920211765,PuReST,53,-1,-1,29,53,0.54717,232.802,182.377,157.5,131.579,0.657143,0.657143
00394.jpg,1719920211798,PuReST,54,-1,-1,32,54,0.592593,234.188,181.715,157.093,137.308,0.638889,0.611111
00395.jpg,1719920211831,PuReST,68,-1,-1,55,68,0.808824,244.586,177.233,157.951,193.748,0.771429,0.771429
00396.jpg,1719920211864,PuReST,49,-1,-1,35,49,0.714286,106.782,132.273,177.09,132.865,0.166667,0.166667
00397.jpg,1719920211897,PuReST,40,-1,-1,13,40,0.325,253.906,100.347,97.2826,88.7442,0,0.0294118
00398.jpg,1719920211930,PuReST,16,-1,-1,9,16,0.5625,224.597,96.0309,53.0209,40.0434,0,0
00399.jpg,1719920211963,PuReST,16,-1,-1,9,16,0.5625,224.597,96.0309,53.0209,40.0434,0,0
00400.jpg,1719920211996,PuReST,30,-1,-1,17,30,0.566667,97.7164,124.107,18.921,75.2463,0.1875,0.1875
00401.jpg,1719920212029,PuReST,14,-1,-1,7,14,0.5,295.907,131.244,144.724,33.9095,0,0
00402.jpg,1719920212062,PuReST,19,-1,-1,8,19,0.421053,172.796,215.346,103.925,44.19,0.484848,0.484848
00403.jpg,1719920212095,PuReST,25,-1,-1,22,25,0.88,254.65,122.197,76.882,73.9026,0.4,0.4
00404.jpg,1719920212128,PuReST,18,-1,-1,8,18,0.444444,173.268,215.421,103.761,42.3653,0.545455,0.545455
00405.jpg,1719920212161,PuReST,18,-1,-1,8,18,0.444444,173.293,215.422,104.564,42.3653,0.5,0.5
00406.jpg,1719920212194,PuReST,18,-1,-1,8,18,0.444444,173.293,215.422,104.564,42.3653,0.5,0.5
00407.jpg,1719920212227,PuReST,18,-1,-1,8,18,0.444444,173.293,215.422,104.564,42.3653,0.5,0.5
00408.jpg,1719920212260,PuReST,31,-1,-1,16,31,0.516129,169.668,160.336,47.0042,75.7195,0.0571429,0.0571429
00409.jpg,1719920212293,PuReST,28,-1,-1,9,28,0.321429,175.545,144.33,63.4843,62.0163,0,0
00410.jpg,1719920212326,PuReST,32,-1,-1,8,32,0.25,214.52,145.019,78.4952,68.62,0.484848,0.484848
00411.jpg,1719920212359,PuReST,29,-1,-1,5,29,0.172414,177.091,222.623,89.5798,60.281,0,0
00412.jpg,1719920212392,PuReST,27,-1,-1,9,27,0.333333,214.911,145.446,77.2125,60.14,0.588235,0.588235
00413.jpg,1719920212425,PuReST,15,-1,-1,6,15,0.4,220.685,142.44,103.684,34.5192,0,0
00414.jpg,1719920212458,PuReST,38,-1,-1,8,38,0.210526,211.018,142.257,87.7219,80.1558,0.34375,0.34375
00415.jpg,1719920212491,PuReST,52,-1,-1,33,52,0.634615,128.761,135.165,0.966428,135.191,0,0
00416.jpg,1719920212524,PuReST,44,-1,-1,17,44,0.386364,252.589,123.493,74.702,100.571,0.257143,0.257143
00417.jpg,1719920212557,PuReST,24,-1,-1,10,24,0.416667,239.147,122.868,4.79771,55.6954,0.25,0.25
00418.jpg,1719920212590,PuReST,35,-1,-1,21,35,0.6,260.64,105.881,75.3454,89.3445,0.142857,0.142857
00419.jpg,1719920212623,PuReST,43,-1,-1,21,43,0.488372,270.671,85.7013,146.7,103.523,0.205882,0.205882
00420.jpg,1719920212656,PuReST,77,-1,-1,52,77,0.675325,144.494,126.156,92.458,204.54,0.0857143,0.0857143
00421.jpg,1719920212689,PuReST,47,-1,-1,12,47,0.255319,178.41,145.138,60.7756,101.018,0.0571429,0.0571429
00422.jpg,1719920212722,PuReST,22,-1,-1,15,22,0.681818,234.929,136.973,102.744,58.6407,0.8125,0.8125
00423.jpg,1719920212755,PuReST,20,-1,-1,12,20,0.6,172.961,217.619,95.6241,51.054,0.382353,0.382353
00424.jpg,1719920212788,PuReST,37,-1,-1,30,37,0.810811,123.308,121.036,39.1537,105.531,0.138889,0.138889
00425.jpg,1719920212821,PuReST,-1,-1,-1,-1,-1,1,62,67,-1,-1,-1,-1
00426.jpg,1719920212854,PuReST,27,-1,-1,18,27,0.666667,257.264,126.101,81.8052,71.3945,0.142857,0.142857
00427.jpg,1719920212887,PuReST,33,-1,-1,9,33,0.272727,136.648,233.871,63.5593,71.4737,0.121212,0.121212
00428.jpg,1719920212920,PuReST,21,-1,-1,12,21,0.571429,279.234,132.567,47.3495,52.8047,0,0
00429.jpg,1719920212953,PuReST,-1,-1,-1,-1,-1,1,62,67,-1,-1,-1,-1
00430.jpg,1719920212986,PuReST,33,-1,-1,10,33,0.30303,136.267,234.12,66.6197,72.465,0.0882353,0.0882353
00431.jpg,1719920213019,PuReST,14,-1,-1,6,14,0.428571,171.985,224.335,75.3802,32.6854,0,0
00432.jpg,1719920213052,PuReST,50,-1,-1,28,50,0.56,123.76,187.427,79.0863,124.971,0.228571,0.228571
00433.jpg,1719920213085,PuReST,19,-1,-1,9,19,0.473684,173.608,218.393,104.726,45.3962,0.484848,0.484848
00434.jpg,1719920213118,PuReST,23,-1,-1,12,23,0.521739,170.956,220.279,87.8852,56.344,0.34375,0.34375
00435.jpg,1719920213151,PuReST,23,-1,-1,12,23,0.521739,170.956,220.279,87.8852,56.344,0.34375,0.34375
00436.jpg,1719920213184,PuReST,31,-1,-1,15,31,0.483871,135.323,148.15,72.9784,74.4589,0.176471,0.176471
00437.jpg,1719920213217,PuReST,18,-1,-1,12,18,0.666667,100.201,209.676,99.2276,47.5963,0,0
00438.jpg,1719920213250,PuReST,10,-1,-1,5,10,0.5,226.082,139.58,0,24.2211,0,0
00439.jpg,1719920213283,PuReST,59,-1,-1,25,59,0.423729,107.879,120.777,51.0253,137.408,0.181818,0.181818
00440.jpg,1719920213316,PuReST,38,-1,-1,24,38,0.631579,236.605,125.563,33.8911,98.6348,0.628571,0.628571
00441.jpg,1719920213349,PuReST,38,-1,-1,24,38,0.631579,236.605,125.563,33.8911,98.6348,0.628571,0.628571
00442.jpg,1719920213382,PuReST,21,-1,-1,19,21,0.904762,232.598,132.55,76.5522,62.8711,0.575758,0.575758
00443.jpg,1719920213415,PuReST,22,-1,-1,16,22,0.727273,231.127,133.461,123.137,60.0629,0.771429,0.771429
00444.jpg,1719920213448,PuReST,18,-1,-1,6,18,0.333333,169.334,225.351,59.8146,40.0933,0,0
00445.jpg,1719920213481,PuReST,30,-1,-1,9,30,0.3,231.427,138.907,128.814,65.7851,0.545455,0.545455
00446.jpg,1719920213514,PuReST,24,-1,-1,10,24,0.416667,229.559,136.848,129.19,55.6954,0.5,0.5
00447.jpg,1719920213547,PuReST,22,-1,-1,14,22,0.636364,230.451,135.695,122.962,57.249,0.852941,0.852941
00448.jpg,1719920213580,PuReST,5,-1,-1,3,5,0.6,227.19,138.584,0,12.7635,0,0
00449.jpg,1719920213613,PuReST,18,-1,-1,9,18,0.5,215.608,148.615,114.014,43.5979,0.636364,0.636364
00450.jpg,1719920213646,PuReST,21,-1,-1,9,21,0.428571,174.56,233.939,101.831,49.0281,0.0625,0.0625
00451.jpg,1719920213679,PuReST,23,-1,-1,10,23,0.434783,185.345,204.962,48.5847,53.8673,0,0
00452.jpg,1719920213712,PuReST,38,-1,-1,22,38,0.578947,195.497,181.964,177.614,95.9308,0.714286,0.714286
00453.jpg,1719920213745,PuReST,22,-1,-1,14,22,0.636364,260.706,140.246,101.285,57.249,0,0
00454.jpg,1719920213778,PuReST,20,-1,-1,13,20,0.65,281.463,143.437,49.3101,52.421,0.176471,0.0588235
00455.jpg,1719920213811,PuReST,31,-1,-1,15,31,0.483871,194.254,207.415,61.7765,74.4589,0,0
00456.jpg,1719920213844,PuReST,35,-1,-1,11,35,0.314286,173.515,234.954,93.5807,77.2605,0,0
00457.jpg,1719920213877,PuReST,23,-1,-1,7,23,0.304348,235.941,150.737,99.0206,50.5367,0.147059,0.147059
00458.jpg,1719920213910,PuReST,26,-1,-1,11,26,0.423077,190.296,208.483,46.6783,60.5325,0.0606061,0.0606061
00459.jpg,1719920213943,PuReST,32,-1,-1,15,32,0.46875,193.311,208.692,57.9299,76.2622,0.0588235,0.0588235
00460.jpg,1719920213976,PuReST,27,-1,-1,7,27,0.259259,205.163,155.192,84.0894,58.1315,0.03125,0.03125
00461.jpg,1719920214009,PuReST,54,-1,-1,41,54,0.759259,217.075,178.748,24.891,149.925,0.666667,0.666667
00462.jpg,1719920214042,PuReST,8,-1,-1,1,8,0.125,150.799,181.121,90.9999,16.3628,0,0
00463.jpg,1719920214075,PuReST,34,-1,-1,18,34,0.529412,127.017,117.671,65.4882,83.6263,0.114286,0.114286
00464.jpg,1719920214108,PuReST,-1,-1,-1,-1,-1,1,62,67,-1,-1,-1,-1
00465.jpg,1719920214141,PuReST,27,-1,-1,13,27,0.481481,120.024,117.35,50.0841,64.771,0.15625,0.0625
00466.jpg,1719920214174,PuReST,21,-1,-1,8,21,0.380952,257.1,121.208,97.416,47.8711,0,0
00467.jpg,1719920214207,PuReST,30,-1,-1,13,30,0.433333,217.792,188.754,31.2774,70.2098,0.571429,0.371429
00468.jpg,1719920214240,PuReST,37,-1,-1,17,37,0.459459,219.525,191.62,17.461,87.7573,0.588235,0.588235
00469.jpg,1719920214273,PuReST,5,-1,-1,1,5,0.2,172.843,227.531,97.0463,10.5028,0,0
00470.jpg,1719920214306,PuReST,28,-1,-1,17,28,0.607143,107.061,220.758,103.355,71.7457,0.03125,0.03125
00471.jpg,1719920214339,PuReST,28,-1,-1,17,28,0.607143,107.061,220.758,103.355,71.7457,0.03125,0.03125
00472.jpg,1719920214372,PuReST,14,-1,-1,9,14,0.642857,210.929,90.5034,81.2859,36.5564,0.272727,0.272727
00473.jpg,1719920214405,PuReST,16,-1,-1,6,16,0.375,280.035,112.672,145.834,36.3662,0.0625,0
00474.jpg,1719920214438,PuReST,25,-1,-1,9,25,0.36,231.939,128.07,108.544,56.406,0.294118,0.294118
00475.jpg,1719920214471,PuReST,40,-1,-1,15,40,0.375,235.208,219.496,88.3322,90.9154,0.40625,0.40625
00476.jpg,1719920214504,PuReST,48,-1,-1,23,48,0.479167,215.549,137.869,77.752,115.011,0.527778,0.527778
00477.jpg,1719920214537,PuReST,27,-1,-1,6,27,0.222222,126.361,178.202,145.274,57.2242,0.03125,0
00478.jpg,1719920214570,PuReST,80,-1,-1,43,80,0.5375,205.176,152.454,61.6065,197.604,0.416667,0.416667
00479.jpg,1719920214603,PuReST,15,-1,-1,9,15,0.6,241.3,130.021,132.21,38.2905,0.125,0.125
00480.jpg,1719920214636,PuReST,27,-1,-1,13,27,0.481481,256.734,132.405,87.4216,64.771,0,0
00481.jpg,1719920214669,PuReST,36,-1,-1,11,36,0.305556,253.069,133.086,84.3849,79.1452,0,0
00482.jpg,1719920214702,PuReST,45,-1,-1,14,45,0.311111,166.414,169.005,77.9698,99.1877,0.0555556,0.0555556
00483.jpg,1719920214735,PuReST,50,-1,-1,11,50,0.22,125.424,128.493,140.928,105.874,0.0285714,0.0285714
00484.jpg,1719920214768,PuReST,13,-1,-1,10,13,0.769231,161.806,173.118,89.5771,36.2821,0.0625,0.0625
00485.jpg,1719920214801,PuReST,14,-1,-1,3,14,0.214286,268.477,143.884,40.9662,29.5759,0,0
00486.jpg,1719920214834,PuReST,33,-1,-1,11,33,0.333333,109.98,218.552,64.1558,73.5044,0.03125,0.03125
00487.jpg,1719920214867,PuReST,41,-1,-1,11,41,0.268293,247.912,77.3806,76.8649,88.6257,0.0882353,0.0882353
00488.jpg,1719920214900,PuReST,51,-1,-1,11,51,0.215686,176.821,160.297,69.7574,107.802,0.0882353,0.0882353
00489.jpg,1719920214933,PuReST,19,-1,-1,7,19,0.368421,191.455,173.861,52.726,43.0454,0.151515,0.151515
00490.jpg,1719920214966,PuReST,-1,-1,-1,-1,-1,1,62,67,-1,-1,-1,-1
00491.jpg,1719920214999,PuReST,20,-1,-1,6,20,0.3,218.675,144.511,102.732,43.8567,0.53125,0
00492.jpg,1719920215032,PuReST,32,-1,-1,22,32,0.6875,261.619,120.907,48.3064,85.5518,0.205882,0.205882
00493.jpg,1719920215065,PuReST,21,-1,-1,10,21,0.47619,120.114,213.997,68.0221,50.2397,0.34375,0.34375
00494.jpg,1719920215098,PuReST,23,-1,-1,20,23,0.869565,257.883,125.556,65.025,67.6265,0,0
00495.jpg,1719920215131,PuReST,25,-1,-1,12,25,0.48,114.853,118.921,8.30379,59.9272,0,0
00496.jpg,1719920215164,PuReST,38,-1,-1,15,38,0.394737,172.51,185.353,17.3963,87.219,0.4,0.4
00497.jpg,1719920215197,PuReST,17,-1,-1,8,17,0.470588,172.899,216.878,104.621,40.5527,0.5,0.5
00498.jpg,1719920215230,PuReST,17,-1,-1,8,17,0.470588,172.899,216.878,104.621,40.5527,0.5,0.5
00499.jpg,1719920215263,PuReST,17,-1,-1,8,17,0.470588,172.899,216.878,104.621,40.5527,0.5,0.5
00500.jpg,1719920215296,PuReST,5,-1,-1,1,5,0.2,164.538,225.495,57.7499,10.5028,0,0
00501.jpg,1719920215329,PuReST,33,-1,-1,16,33,0.484848,164.893,221.721,74.9293,79.3028,0.454545,0.454545
00502.jpg,1719920215362,PuReST,18,-1,-1,10,18,0.555556,173.298,217.195,102.388,44.8845,0.484848,0.484848
00503.jpg,1719920215395,PuReST,18,-1,-1,10,18,0.555556,173.298,217.195,102.388,44.8845,0.484848,0.484848
00504.jpg,1719920215428,PuReST,39,-1,-1,17,39,0.435897,163.314,222.782,73.5474,91.392,0.382353,0.382353
00505.jpg,1719920215461,PuReST,28,-1,-1,15,28,0.535714,167.091,220.818,76.7175,69.0966,0.555556,0.555556
00506.jpg,1719920215494,PuReST,26,-1,-1,7,26,0.269231,177.919,207.627,142.825,56.2251,0.030303,0.030303
00507.jpg,1719920215527,PuReST,14,-1,-1,6,14,0.428571,176.189,217.101,115.382,32.6854,0,0
00508.jpg,1719920215560,PuReST,22,-1,-1,12,22,0.545455,260.16,131.243,64.6093,54.5684,0,0
00509.jpg,1719920215593,PuReST,22,-1,-1,11,22,0.5,259.062,132.226,62.6124,53.2863,0,0
00510.jpg,1719920215626,PuReST,23,-1,-1,17,23,0.73913,170.336,221.686,88.3567,63.1858,0.5,0.5
00511.jpg,1719920215659,PuReST,34,-1,-1,20,34,0.588235,165.541,225.381,68.0733,86.2544,0.371429,0.371429
00512.jpg,1719920215692,PuReST,34,-1,-1,26,34,0.764706,121.462,118.774,42.4316,94.6671,0.0882353,0.0882353
00513.jpg,1719920215725,PuReST,22,-1,-1,13,22,0.590909,170.212,220.862,88.0181,55.8905,0.515152,0.363636
00514.jpg,1719920215758,PuReST,19,-1,-1,9,19,0.473684,172.616,219.353,103.607,45.3962,0.575758,0.575758
00515.jpg,1719920215791,PuReST,20,-1,-1,5,20,0.25,234.444,136.021,90.5667,42.8875,0,0
00516.jpg,1719920215824,PuReST,17,-1,-1,12,17,0.705882,218.15,149.718,91.5899,45.8923,0.53125,0.53125
00517.jpg,1719920215857,PuReST,36,-1,-1,16,36,0.444444,210.601,154.719,63.3073,84.7306,0.676471,0.676471
00518.jpg,1719920215890,PuReST,18,-1,-1,8,18,0.444444,216.956,148.552,94.2936,42.3653,0.645161,0.645161
00519.jpg,1719920215923,PuReST,19,-1,-1,7,19,0.368421,217.235,147.942,91.3938,43.0454,0.483871,0.483871
00520.jpg,1719920215956,PuReST,33,-1,-1,26,33,0.787879,137.005,163.976,72.3433,93.0034,0.222222,0.222222
00521.jpg,1719920215989,PuReST,18,-1,-1,11,18,0.611111,181.451,146.04,47.6886,46.2191,0,0
00522.jpg,1719920216022,PuReST,16,-1,-1,5,16,0.3125,181.177,150.138,61.3419,35.2896,0,0
00523.jpg,1719920216055,PuReST,20,-1,-1,7,20,0.35,233.053,139.568,83.88,44.9062,0.4,0.4
00524.jpg,1719920216088,PuReST,20,-1,-1,7,20,0.35,233.053,139.568,83.88,44.9062,0.4,0.4
00525.jpg,1719920216121,PuReST,24,-1,-1,6,24,0.25,176.387,227.148,92.9656,51.465,0,0
00526.jpg,1719920216154,PuReST,22,-1,-1,8,22,0.363636,170.258,220.597,97.0262,49.7254,0.515152,0.515152
00527.jpg,1719920216187,PuReST,30,-1,-1,13,30,0.433333,226.761,143.488,59.9005,70.2098,0.428571,0.371429
00528.jpg,1719920216220,PuReST,14,-1,-1,4,14,0.285714,190.605,174.459,51.0268,30.4998,0,0
00529.jpg,1719920216253,PuReST,52,-1,-1,28,52,0.538462,145.778,137.259,54.3916,128.507,0,0
00530.jpg,1719920216286,PuReST,52,-1,-1,28,52,0.538462,145.778,137.259,54.3916,128.507,0,0
00531.jpg,1719920216319,PuReST,25,-1,-1,9,25,0.36,139.185,103.93,66.4294,56.406,0,0
00532.jpg,1719920216352,PuReST,19,-1,-1,6,19,0.315789,232.399,140.838,85.8856,41.971,0,0
00533.jpg,1719920216385,PuReST,69,-1,-1,33,69,0.478261,125.061,179.165,73.999,165.25,0.25,0.194444
00534.jpg,1719920216418,PuReST,31,-1,-1,19,31,0.612903,179.283,196.729,171.097,79.6749,0,0
00535.jpg,1719920216451,PuReST,32,-1,-1,18,32,0.5625,178.843,196.317,175.92,80.0868,0.030303,0
00536.jpg,1719920216484,PuReST,33,-1,-1,12,33,0.363636,175.946,196.305,172.837,74.5881,0,0
00537.jpg,1719920216517,PuReST,69,-1,-1,42,69,0.608696,217.527,197.949,138.595,176.947,0.777778,0.777778
00538.jpg,1719920216550,PuReST,56,-1,-1,32,56,0.571429,209.73,195.641,151.236,140.813,0.666667,0.666667
00539.jpg,1719920216583,PuReST,35,-1,-1,21,35,0.6,257.972,125.072,33.6686,89.3445,0.142857,0.142857
00540.jpg,1719920216616,PuReST,37,-1,-1,24,37,0.648649,249.618,134.588,63.0328,96.9097,0.0882353,0.0882353
00541.jpg,1719920216649,PuReST,22,-1,-1,7,22,0.318182,232.727,141.256,88.4352,48.6526,0.290323,0.290323
00542.jpg,1719920216682,PuReST,22,-1,-1,7,22,0.318182,232.727,141.256,88.4352,48.6526,0.290323,0.290323
00543.jpg,1719920216715,PuReST,17,-1,-1,14,17,0.823529,233.569,145.994,169.966,48.8088,0.5,0.5
00544.jpg,1719920216748,PuReST,43,-1,-1,25,43,0.581395,267.809,126.18,153.994,108.694,0.205882,0.205882
00545.jpg,1719920216781,PuReST,24,-1,-1,23,24,0.958333,231.486,133.031,173.981,73.8358,0,0
00546.jpg,1719920216814,PuReST,22,-1,-1,6,22,0.272727,231.335,141.723,84.1911,47.6491,0,0
00547.jpg,1719920216847,PuReST,17,-1,-1,9,17,0.529412,214.524,151.813,105.781,41.8131,0.666667,0.666667
00548.jpg,1719920216880,PuReST,17,-1,-1,9,17,0.529412,214.524,151.813,105.781,41.8131,0.666667,0.666667
00549.jpg,1719920216913,PuReST,50,-1,-1,22,50,0.44,279.777,133.57,73.6903,117.415,0.138889,0.138889
00550.jpg,1719920216946,PuReST,37,-1,-1,11,37,0.297297,103.634,215.703,75.4737,81.0341,0.0588235,0.0588235
00551.jpg,1719920216979,PuReST,38,-1,-1,29,38,0.763158,197.5,148,153.965,105.719,0.285714,0.285714
00552.jpg,1719920217012,PuReST,79,-1,-1,23,79,0.291139,269.42,161.271,144.113,172.531,0.25,0.25
00553.jpg,1719920217045,PuReST,25,-1,-1,7,25,0.28,230.149,141.989,74.6295,54.3235,0.470588,0.470588
00554.jpg,1719920217078,PuReST,83,-1,-1,36,83,0.433735,244.89,173.17,89.0123,194.287,0.735294,0.735294
00555.jpg,1719920217111,PuReST,22,-1,-1,5,22,0.227273,229.002,143.45,83.2739,46.7245,0,0
00556.jpg,1719920217144,PuReST,29,-1,-1,6,29,0.206897,184.962,151.481,85.1115,61.0827,0.0322581,0
00557.jpg,1719920217177,PuReST,52,-1,-1,35,52,0.673077,272.009,165.291,0,137.967,0.5625,0.5625
00558.jpg,1719920217210,PuReST,30,-1,-1,22,30,0.733333,254.424,132.543,35.283,82.1655,0.235294,0.235294
00559.jpg,1719920217243,PuReST,6,-1,-1,1,6,0.166667,263.126,139.81,56.5456,12.4459,0,0
00560.jpg,1719920217276,PuReST,25,-1,-1,12,25,0.48,154.552,167.611,97.0364,59.9272,0.030303,0.030303
00561.jpg,1719920217309,PuReST,16,-1,-1,4,16,0.25,199.556,154.198,88.8784,34.31,0,0
00562.jpg,1719920217342,PuReST,26,-1,-1,17,26,0.653846,155.277,166.189,96.9395,68.286,0.0882353,0.0882353
00563.jpg,1719920217375,PuReST,30,-1,-1,14,30,0.466667,246.372,137.909,106.554,71.419,0.030303,0.030303
00564.jpg,1719920217408,PuReST,25,-1,-1,9,25,0.36,163.831,235.856,51.7681,56.406,0,0
00565.jpg,1719920217441,PuReST,65,-1,-1,38,65,0.584615,211.521,202.595,142.167,164.583,0.777778,0.777778
00566.jpg,1719920217474,PuReST,71,-1,-1,26,71,0.366197,236.531,173.184,83.02,160.679,0.735294,0.714286
00567.jpg,1719920217507,PuReST,53,-1,-1,27,53,0.509434,202.788,201.457,153.317,129.004,0.611111,0.611111
00568.jpg,1719920217540,PuReST,55,-1,-1,22,55,0.4,283.266,146.987,97.0823,126.57,0.25,0.25
00569.jpg,1719920217573,PuReST,-1,-1,-1,-1,-1,1,62,67,-1,-1,-1,-1
00570.jpg,1719920217606,PuReST,21,-1,-1,14,21,0.666667,252.96,142.177,78.7899,55.529,0,0
00571.jpg,1719920217639,PuReST,-1,-1,-1,-1,-1,1,62,67,-1,-1,-1,-1
00572.jpg,1719920217672,PuReST,27,-1,-1,14,27,0.518519,161.425,242.19,126.516,66.0316,0,0
00573.jpg,1719920217705,PuReST,34,-1,-1,30,34,0.882353,249.035,135.194,80.1995,100.629,0.212121,0.212121
00574.jpg,1719920217738,PuReST,23,-1,-1,6,23,0.26087,166.098,162.008,87.6407,49.5544,0,0
00575.jpg,1719920217771,PuReST,-1,-1,-1,-1,-1,1,62,67,-1,-1,-1,-1
00576.jpg,1719920217804,PuReST,52,-1,-1,17,52,0.326923,139.36,160.118,25.1742,115.473,0.114286,0.114286
00577.jpg,1719920217837,PuReST,-1,-1,-1,-1,-1,1,62,67,-1,-1,-1,-1
00578.jpg,1719920217870,PuReST,28,-1,-1,22,28,0.785714,135.985,121.27,104.232,78.8228,0.0606061,0.0606061
00579.jpg,1719920217903,PuReST,30,-1,-1,14,30,0.466667,279.876,76.2531,88.4461,71.419,0.242424,0.242424
00580.jpg,1719920217936,PuReST,40,-1,-1,26,40,0.65,132.778,202.452,19.2593,104.842,0.571429,0.485714
00581.jpg,1719920217969,PuReST,78,-1,-1,37,78,0.474359,85.9596,197.365,151.987,186.428,0.147059,0.147059
00582.jpg,1719920218002,PuReST,60,-1,-1,24,60,0.4,85.9475,209.362,140.135,138.077,0.0571429,0.0571429
00583.jpg,1719920218035,PuReST,60,-1,-1,24,60,0.4,85.9475,209.362,140.135,138.077,0,0
00584.jpg,1719920218068,PuReST,60,-1,-1,24,60,0.4,85.9475,209.362,140.135,138.077,0.0285714,0.0285714
00585.jpg,1719920218101,PuReST,23,-1,-1,10,23,0.434783,113.147,213.425,78.3699,53.8673,0.0588235,0.0588235
00586.jpg,1719920218134,PuReST,40,-1,-1,30,40,0.75,271.63,163.272,0,110.517,0.5,0.5
00587.jpg,1719920218167,PuReST,14,-1,-1,7,14,0.5,158.338,162.794,69.757,33.9095,0.0322581,0.0322581
00588.jpg,1719920218200,PuReST,20,-1,-1,13,20,0.65,136.257,190.029,93.4128,52.421,0.342857,0.257143
00589.jpg,1719920218233,PuReST,85,-1,-1,50,85,0.588235,90.1347,191.827,157.268,215.636,0.138889,0.138889
00590.jpg,1719920218266,PuReST,85,-1,-1,50,85,0.588235,90.1347,191.827,157.268,215.636,0.138889,0.138889
00591.jpg,1719920218299,PuReST,29,-1,-1,16,29,0.551724,141.39,150.556,75.8406,72.1684,0.0606061,0.0606061
00592.jpg,1719920218332,PuReST,9,-1,-1,2,9,0.222222,175.5,159,81.1277,19.0747,0,0
00593.jpg,1719920218365,PuReST,45,-1,-1,34,45,0.755556,122.627,126.548,41.4141,124.695,0.114286,0.114286
00594.jpg,1719920218398,PuReST,28,-1,-1,9,28,0.321429,169.469,162.737,96.9553,62.0163,0.151515,0.151515
00595.jpg,1719920218431,PuReST,62,-1,-1,15,62,0.241935,181.755,232.294,74.8727,132.493,0.117647,0.117647
00596.jpg,1719920218464,PuReST,71,-1,-1,21,71,0.295775,64.8115,205.837,158.982,155.389,0.0555556,0.0555556
00597.jpg,1719920218497,PuReST,52,-1,-1,30,52,0.576923,107.443,129.768,103.808,131.134,0.285714,0.285714
00598.jpg,1719920218530,PuReST,42,-1,-1,27,42,0.642857,102.814,128.341,102.245,109.669,0.314286,0.314286
00599.jpg,1719920218563,PuReST,39,-1,-1,13,39,0.333333,159.744,168.9,63.0931,86.8689,0.205882,0.147059
00600.jpg,1719920218596,PuReST,-1,-1,-1,-1,-1,1,62,67,-1,-1,-1,-1
00601.jpg,1719920218629,PuReST,16,-1,-1,5,16,0.3125,142.117,171.032,132.2,35.2896,0,0
00602.jpg,1719920218662,PuReST,49,-1,-1,20,49,0.408163,139.812,190.527,171.037,113.225,0.529412,0.529412
00603.jpg,1719920218695,PuReST,18,-1,-1,11,18,0.611111,202.588,151.133,81.5123,46.2191,0.25,0.25
00604.jpg,1719920218728,PuReST,18,-1,-1,13,18,0.722222,222.995,101.078,42.2072,49.0119,0.0625,0.03125
00605.jpg,1719920218761,PuReST,79,-1,-1,28,79,0.35443,82.0786,198.871,148.18,177.761,0.0882353,0.0882353
00606.jpg,1719920218794,PuReST,83,-1,-1,32,83,0.385542,82.4319,195.896,150.998,189.635,0.111111,0.111111
00607.jpg,1719920218827,PuReST,16,-1,-1,8,16,0.5,157.711,237.169,47.0428,38.7537,0.125,0.125
00608.jpg,1719920218860,PuReST,64,-1,-1,30,64,0.46875,135.263,119.831,76.6014,152.524,0.0285714,0.0285714
00609.jpg,1719920218893,PuReST,-1,-1,-1,-1,-1,1,62,67,-1,-1,-1,-1
00610.jpg,1719920218926,PuReST,14,-1,-1,7,14,0.5,126.115,100.122,59.8724,33.9095,0,0
00611.jpg,1719920218959,PuReST,15,-1,-1,5,15,0.333333,293.791,115.957,160.354,33.4111,0,0
00612.jpg,1719920218992,PuReST,19,-1,-1,4,19,0.210526,277.949,105.208,132.123,40.0779,0,0
00613.jpg,1719920219025,PuReST,28,-1,-1,13,28,0.464286,128.295,181.529,109.594,66.576,0,0
00614.jpg,1719920219058,PuReST,12,-1,-1,7,12,0.583333,172.047,160.601,0,30.3641,0.125,0.125
00615.jpg,1719920219091,PuReST,-1,-1,-1,-1,-1,1,62,67,-1,-1,-1,-1
00616.jpg,1719920219124,PuReST,47,-1,-1,32,47,0.680851,265.854,88.9002,125.343,125.214,0.25,0.25
00617.jpg,1719920219157,PuReST,23,-1,-1,7,23,0.304348,171.326,164.846,86.3815,50.5367,0.1875,0.1875
00618.jpg,1719920219190,PuReST,49,-1,-1,21,49,0.428571,264.558,140.782,112.693,114.399,0,0
00619.jpg,1719920219223,PuReST,62,-1,-1,22,62,0.354839,117.264,130.686,17.0533,139.536,0.0882353,0.0882353
00620.jpg,1719920219256,PuReST,53,-1,-1,33,53,0.622642,112.52,203.026,53.2073,136.921,0.235294,0.235294
00621.jpg,1719920219289,PuReST,-1,-1,-1,-1,-1,1,62,67,-1,-1,-1,-1
00622.jpg,1719920219322,PuReST,25,-1,-1,8,25,0.32,254.05,75.8557,68.3387,55.3344,0.030303,0.030303
00623.jpg,1719920219355,PuReST,43,-1,-1,23,43,0.534884,240.757,117.087,46.406,106.066,0.0588235,0.0588235
00624.jpg,1719920219388,PuReST,24,-1,-1,8,24,0.333333,229.712,131.494,131.478,53.4578,0.382353,0.382353
00625.jpg,1719920219421,PuReST,46,-1,-1,21,46,0.456522,119.534,197.521,5.24574,108.939,0.117647,0.117647
00626.jpg,1719920219454,PuReST,19,-1,-1,12,19,0.631579,225.445,130.804,106.564,49.3174,0.411765,0.411765
00627.jpg,1719920219487,PuReST,47,-1,-1,32,47,0.680851,269.213,90.3716,138.002,125.214,0.228571,0.228571
00628.jpg,1719920219520,PuReST,38,-1,-1,27,38,0.710526,174.476,179.091,170.15,102.834,0.657143,0.657143
00629.jpg,1719920219553,PuReST,4,-1,-1,2,4,0.5,282.913,144.074,48.848,9.68842,0,0
00630.jpg,1719920219586,PuReST,-1,-1,-1,-1,-1,1,62,67,-1,-1,-1,-1
00631.jpg,1719920219619,PuReST,18,-1,-1,4,18,0.222222,143.967,235.302,76.6408,38.1494,0,0
00632.jpg,1719920219652,PuReST,18,-1,-1,7,18,0.388889,107.166,205.854,108.478,41.1941,0.030303,0.030303
00633.jpg,1719920219685,PuReST,21,-1,-1,12,21,0.571429,172,168,45,52.8047,0.40625,0.40625
00634.jpg,1719920219718,PuReST,60,-1,-1,30,60,0.5,129.352,165.422,135.908,145.326,0.138889,0.138889
00635.jpg,1719920219751,PuReST,29,-1,-1,10,29,0.344828,170.224,164.703,83.0239,64.9516,0.121212,0.121212
00636.jpg,1719920219784,PuReST,21,-1,-1,10,21,0.47619,99.0268,119.556,72.181,50.2397,0.1875,0.1875
00637.jpg,1719920219817,PuReST,27,-1,-1,12,27,0.444444,110.171,217.428,53.4425,63.548,0.151515,0.151515
00638.jpg,1719920219850,PuReST,61,-1,-1,20,61,0.327869,239.42,108.796,86.797,135.519,0.0294118,0.0294118
00639.jpg,1719920219883,PuReST,31,-1,-1,6,31,0.193548,162.466,233.042,66.9965,64.9538,0,0
00640.jpg,1719920219916,PuReST,51,-1,-1,25,51,0.490196,99.8042,69.2972,0,122.899,0.28125,0.28125
00641.jpg,1719920219949,PuReST,5,-1,-1,2,5,0.4,170.834,226.822,0,11.5064,0,0
00642.jpg,1719920219982,PuReST,5,-1,-1,1,5,0.2,174.009,227.547,82.7171,10.5028,0,0
00643.jpg,1719920220015,PuReST,5,-1,-1,1,5,0.2,174.009,227.547,82.7171,10.5028,0,0
00644.jpg,1719920220048,PuReST,30,-1,-1,13,30,0.433333,129.902,82.3837,76.6847,70.2098,0.176471,0.176471
00645.jpg,1719920220081,PuReST,18,-1,-1,8,18,0.444444,169.178,231.373,50.7885,42.3653,0,0
00646.jpg,1719920220114,PuReST,20,-1,-1,18,20,0.9,166.566,241.999,28.4741,59.7316,0,0
00647.jpg,1719920220147,PuReST,25,-1,-1,9,25,0.36,259.715,132.869,88.4051,56.406,0,0
00648.jpg,1719920220180,PuReST,19,-1,-1,6,19,0.315789,224.141,152.242,95.9293,41.971,0,0
00649.jpg,1719920220213,PuReST,-1,-1,-1,-1,-1,1,62,67,-1,-1,-1,-1
00650.jpg,1719920220246,PuReST,17,-1,-1,6,17,0.352941,165.341,229.027,64.4162,38.2247,0,0
00651.jpg,1719920220279,PuReST,-1,-1,-1,-1,-1,1,62,67,-1,-1,-1,-1
00652.jpg,1719920220312,PuReST,24,-1,-1,20,24,0.833333,209.209,205.602,104.656,69.2579,0.0882353,0.0882353
00653.jpg,1719920220345,PuReST,35,-1,-1,16,35,0.457143,123.433,146.328,25.8639,82.9148,0.147059,0.147059
00654.jpg,1719920220378,PuReST,20,-1,-1,15,20,0.75,210.588,209.245,97.4832,55.2587,0.151515,0.151515
00655.jpg,1719920220411,PuReST,26,-1,-1,8,26,0.307692,152.253,156.748,73.4003,57.2172,0,0
00656.jpg,1719920220444,PuReST,31,-1,-1,15,31,0.483871,137.208,114.887,43.9499,74.4589,0.0857143,0.0857143
00657.jpg,1719920220477,PuReST,17,-1,-1,5,17,0.294118,264.786,72.0859,91.0242,37.1776,0,0
00658.jpg,1719920220510,PuReST,19,-1,-1,6,19,0.315789,210.716,157.448,44.2543,41.971,0.212121,0
00659.jpg,1719920220543,PuReST,56,-1,-1,16,56,0.285714,183.503,232.05,78.3578,121.999,0.111111,0.111111
00660.jpg,1719920220576,PuReST,16,-1,-1,7,16,0.4375,279.444,140.398,26.2697,37.5248,0.030303,0.030303
00661.jpg,1719920220609,PuReST,-1,-1,-1,-1,-1,1,62,67,-1,-1,-1,-1
00662.jpg,1719920220642,PuReST,28,-1,-1,16,28,0.571429,129.565,86.2259,82.4663,70.4063,0.314286,0.314286
00663.jpg,1719920220675,PuReST,47,-1,-1,29,47,0.617021,250.351,115.307,83.0232,121.061,0.0857143,0.0857143
00664.jpg,1719920220708,PuReST,6,-1,-1,3,6,0.5,169.162,232.605,0,14.5326,0,0
00665.jpg,1719920220741,PuReST,27,-1,-1,9,27,0.333333,125.616,122.53,177.426,60.14,0.0606061,0.0606061
00666.jpg,1719920220774,PuReST,20,-1,-1,10,20,0.5,256.591,146.126,88.6518,48.4421,0.1875,0.1875
00667.jpg,1719920220807,PuReST,82,-1,-1,45,82,0.54878,104.673,210.381,107.297,203.747,0.411765,0.411765
00668.jpg,1719920220840,PuReST,35,-1,-1,16,35,0.457143,130.881,229.662,21.055,82.9148,0.21875,0.21875
00669.jpg,1719920220873,PuReST,35,-1,-1,23,35,0.657143,250.885,121.184,101.955,92.0838,0.305556,0.305556
00670.jpg,1719920220906,PuReST,30,-1,-1,26,30,0.866667,235.587,120.276,174.42,88.0768,0.914286,0.914286
00671.jpg,1719920220939,PuReST,18,-1,-1,6,18,0.333333,170.181,208.275,115.883,40.0933,0,0
00672.jpg,1719920220972,PuReST,18,-1,-1,8,18,0.444444,169.461,210.534,106.028,42.3653,0.545455,0.545455
00673.jpg,1719920221005,PuReST,18,-1,-1,8,18,0.444444,169.461,210.534,106.028,42.3653,0.545455,0.545455
00674.jpg,1719920221038,PuReST,15,-1,-1,10,15,0.666667,293.339,127.359,129.259,39.6636,0.0882353,0.0588235
00675.jpg,1719920221071,PuReST,19,-1,-1,9,19,0.473684,231.424,134.559,119.12,45.3962,0.8125,0.8125
00676.jpg,1719920221104,PuReST,22,-1,-1,5,22,0.227273,229.18,134.453,87.6597,46.7245,0,0
00677.jpg,1719920221137,PuReST,80,-1,-1,23,80,0.2875,226.348,123.751,99.8267,174.426,0.171429,0.171429
00678.jpg,1719920221170,PuReST,32,-1,-1,8,32,0.25,119.924,146.348,128.982,68.62,0,0
00679.jpg,1719920221203,PuReST,22,-1,-1,6,22,0.272727,230.897,142.468,78.8132,47.6491,0,0
00680.jpg,1719920221236,PuReST,26,-1,-1,21,26,0.807692,230.826,133.011,141.129,74.0365,0.166667,0.166667
00681.jpg,1719920221269,PuReST,22,-1,-1,17,22,0.772727,231.182,136.582,105.64,61.5131,0.0606061,0.0606061
00682.jpg,1719920221302,PuReST,22,-1,-1,17,22,0.772727,231.182,136.582,105.64,61.5131,0.0606061,0.0606061
00683.jpg,1719920221335,PuReST,28,-1,-1,18,28,0.642857,173.746,150.245,82.897,73.1129,0.228571,0.228571
00684.jpg,1719920221368,PuReST,19,-1,-1,4,19,0.210526,203.022,152.256,87.154,40.0779,0,0
00685.jpg,1719920221401,PuReST,36,-1,-1,17,36,0.472222,204.309,165.6,163.44,85.9488,0.529412,0.529412
00686.jpg,1719920221434,PuReST,15,-1,-1,11,15,0.733333,193.316,221.775,59.8724,41.0827,0.59375,0.59375
00687.jpg,1719920221467,PuReST,37,-1,-1,15,37,0.405405,211.371,184.574,179.145,85.3784,0.588235,0.588235
00688.jpg,1719920221500,PuReST,38,-1,-1,21,38,0.552632,248.539,132.281,93.5523,94.6106,0,0
00689.jpg,1719920221533,PuReST,26,-1,-1,19,26,0.730769,254.379,133.933,83.5126,71.1141,0.0588235,0.0588235
00690.jpg,1719920221566,PuReST,35,-1,-1,17,35,0.485714,211.576,183.594,5.42659,84.1468,0.575758,0.575758
00691.jpg,1719920221599,PuReST,36,-1,-1,15,36,0.416667,210.806,186.4,0.486223,83.5431,0.59375,0.59375
00692.jpg,1719920221632,PuReST,18,-1,-1,10,18,0.555556,171.903,222.976,102.815,44.8845,0.606061,0.606061
00693.jpg,1719920221665,PuReST,43,-1,-1,32,43,0.744186,170.797,151.29,79.5362,118.444,0.114286,0.114286
00694.jpg,1719920221698,PuReST,59,-1,-1,35,59,0.59322,163.534,142.673,129.464,150.071,0,0
00695.jpg,1719920221731,PuReST,38,-1,-1,29,38,0.763158,250.444,136.312,94.0374,105.719,0.222222,0.222222
00696.jpg,1719920221764,PuReST,19,-1,-1,6,19,0.315789,235.914,153.037,74.0535,41.971,0.235294,0
00697.jpg,1719920221797,PuReST,36,-1,-1,22,36,0.611111,217.529,190.803,179.683,92.4381,0.515152,0.515152
00698.jpg,1719920221830,PuReST,17,-1,-1,6,17,0.352941,211.151,158.961,65.4785,38.2247,0.28125,0
00699.jpg,1719920221863,PuReST,18,-1,-1,11,18,0.611111,140.683,150.623,122.372,46.2191,0.125,0.125
00700.jpg,1719920221896,PuReST,21,-1,-1,4,21,0.190476,234.069,153.28,80.097,43.9489,0,0
00701.jpg,1719920221929,PuReST,17,-1,-1,12,17,0.705882,98.1446,122.078,64.265,45.8923,0.181818,0.181818
00702.jpg,1719920221962,PuReST,17,-1,-1,12,17,0.705882,98.1446,122.078,64.265,45.8923,0.181818,0.181818
00703.jpg,1719920221995,PuReST,37,-1,-1,28,37,0.756757,249.143,136.485,113.656,102.592,0.176471,0.176471
00704.jpg,1719920222028,PuReST,44,-1,-1,27,44,0.613636,120.33,131.449,1.04566,113.131,0.117647,0.117647
00705.jpg,1719920222061,PuReST,27,-1,-1,12,27,0.444444,258.26,143.305,49.737,63.548,0,0
00706.jpg,1719920222094,PuReST,20,-1,-1,4,20,0.2,264.405,141.685,35.7584,42.0112,0,0
00707.jpg,1719920222127,PuReST,36,-1,-1,20,36,0.555556,116.968,125.759,17.9379,89.7691,0.1875,0.1875
00708.jpg,1719920222160,PuReST,71,-1,-1,36,71,0.507042,242.051,116.951,90.278,172.602,0,0
00709.jpg,1719920222193,PuReST,47,-1,-1,44,47,0.93617,294.923,94.2615,0,142.981,0.34375,0.34375
00710.jpg,1719920222226,PuReST,17,-1,-1,4,17,0.235294,158.727,238.047,39.0291,36.2266,0,0
00711.jpg,1719920222259,PuReST,17,-1,-1,4,17,0.235294,158.727,238.047,39.0291,36.2266,0,0
00712.jpg,1719920222292,PuReST,52,-1,-1,26,52,0.5,162.767,135.76,57.7134,125.949,0,0
00713.jpg,1719920222325,PuReST,44,-1,-1,19,44,0.431818,160.52,141.294,70.4547,102.895,0.030303,0.030303
00714.jpg,1719920222358,PuReST,19,-1,-1,13,19,0.684211,173,159,177.124,50.7082,0.0625,0.0625
00715.jpg,1719920222391,PuReST,41,-1,-1,24,41,0.585366,256.212,111.887,105.741,103.855,0,0
00716.jpg,1719920222424,PuReST,23,-1,-1,6,23,0.26087,134.331,108.032,38.105,49.5544,0,0
00717.jpg,1719920222457,PuReST,25,-1,-1,6,25,0.24,159.668,239.426,83.4824,53.3805,0,0
00718.jpg,1719920222490,PuReST,28,-1,-1,20,28,0.714286,143.611,146.736,156.653,75.9227,0.117647,0.117647
00719.jpg,1719920222523,PuReST,19,-1,-1,13,19,0.684211,172.846,235.885,110.586,50.7082,0,0
00720.jpg,1719920222556,PuReST,20,-1,-1,11,20,0.55,172.41,234.826,98.465,49.7262,0.0882353,0.0882353
00721.jpg,1719920222589,PuReST,20,-1,-1,11,20,0.55,172.41,234.826,98.465,49.7262,0.0882353,0.0882353
00722.jpg,1719920222622,PuReST,23,-1,-1,20,23,0.869565,171.893,239.199,96.8932,67.6265,0,0
00723.jpg,1719920222655,PuReST,22,-1,-1,6,22,0.272727,166.542,164.259,94.5177,47.6491,0,0
00724.jpg,1719920222688,PuReST,21,-1,-1,4,21,0.190476,143.673,180.12,101.937,43.9489,0,0
00725.jpg,1719920222721,PuReST,-1,-1,-1,-1,-1,1,62,67,-1,-1,-1,-1
00726.jpg,1719920222754,PuReST,7,-1,-1,2,7,0.285714,144.606,181.052,98.2785,15.2499,0,0
00727.jpg,1719920222787,PuReST,19,-1,-1,14,19,0.736842,167.935,158.298,45.9663,52.1342,0.147059,0.147059
00728.jpg,1719920222820,PuReST,32,-1,-1,9,32,0.28125,174.824,155.134,47.1028,69.5732,0,0
00729.jpg,1719920222853,PuReST,16,-1,-1,16,16,1,233.458,120.665,48.1946,50.2655,0.0882353,0.0882353
00730.jpg,1719920222886,PuReST,33,-1,-1,26,33,0.787879,274.66,164.628,0,93.0034,0.40625,0.375
00731.jpg,1719920222919,PuReST,36,-1,-1,22,36,0.611111,96.5488,130.462,114.181,92.4381,0.194444,0.194444
00732.jpg,1719920222952,PuReST,14,-1,-1,6,14,0.428571,117.612,215.369,42.8577,32.6854,0,0
00733.jpg,1719920222985,PuReST,51,-1,-1,23,51,0.45098,243.445,98.302,77.2008,120.437,0.0571429,0.0571429
00734.jpg,1719920223018,PuReST,-1,-1,-1,-1,-1,1,62,67,-1,-1,-1,-1
00735.jpg,1719920223051,PuReST,15,-1,-1,4,15,0.266667,169.785,163.782,92.0086,32.4007,0,0
00736.jpg,1719920223084,PuReST,27,-1,-1,6,27,0.222222,141.007,173.328,104.732,57.2242,0.176471,0
00737.jpg,1719920223117,PuReST,24,-1,-1,20,24,0.833333,176.791,146.625,93.4758,69.2579,0.235294,0.205882
00738.jpg,1719920223150,PuReST,-1,-1,-1,-1,-1,1,62,67,-1,-1,-1,-1
00739.jpg,1719920223183,PuReST,24,-1,-1,6,24,0.25,224.2,96.8874,48.6969,51.465,0,0
00740.jpg,1719920223216,PuReST,23,-1,-1,17,23,0.73913,133.712,104.938,58.5258,63.1858,0.205882,0.176471
00741.jpg,1719920223249,PuReST,18,-1,-1,9,18,0.5,178.547,151.46,64.6768,43.5979,0,0
00742.jpg,1719920223282,PuReST,45,-1,-1,11,45,0.244444,218.418,132.792,85.2838,96.2669,0.151515,0.151515
00743.jpg,1719920223315,PuReST,19,-1,-1,11,19,0.578947,178.899,152.13,60.4819,47.9654,0,0
00744.jpg,1719920223348,PuReST,80,-1,-1,44,80,0.55,249.548,114.268,165.439,198.905,0,0
00745.jpg,1719920223381,PuReST,83,-1,-1,45,83,0.542169,278.945,190.449,0,205.517,0.5,0.5
00746.jpg,1719920223414,PuReST,86,-1,-1,29,86,0.337209,252.428,179.134,85.6091,191.912,0.666667,0.666667
00747.jpg,1719920223447,PuReST,16,-1,-1,4,16,0.25,86.9765,84.7558,63.2479,34.31,0,0
00748.jpg,1719920223480,PuReST,14,-1,-1,6,14,0.428571,200.818,223.571,105.837,32.6854,0,0
00749.jpg,1719920223513,PuReST,18,-1,-1,7,18,0.388889,155.384,98.5396,81.45,41.1941,0.03125,0.03125
00750.jpg,1719920223546,PuReST,26,-1,-1,8,26,0.307692,136.335,240.011,82.5933,57.2172,0.0606061,0.0606061
00751.jpg,1719920223579,PuReST,24,-1,-1,11,24,0.458333,189.275,152.003,26.1693,56.8907,0.0285714,0
00752.jpg,1719920223612,PuReST,40,-1,-1,19,40,0.475,250.16,107.983,60.1724,95.6359,0,0
00753.jpg,1719920223645,PuReST,44,-1,-1,29,44,0.659091,231.736,217.712,100.846,115.882,0.555556,0.555556
00754.jpg,1719920223678,PuReST,21,-1,-1,18,21,0.857143,282.041,137.687,88.0595,61.3517,0.0606061,0.0606061
00755.jpg,1719920223711,PuReST,32,-1,-1,17,32,0.53125,168.845,238.252,93.244,78.7829,0,0
00756.jpg,1719920223744,PuReST,34,-1,-1,25,34,0.735294,105.42,208.553,119.571,93.2169,0.147059,0.147059
00757.jpg,1719920223777,PuReST,27,-1,-1,14,27,0.518519,128.579,69.1876,127.79,66.0316,0.4,0.4
00758.jpg,1719920223810,PuReST,25,-1,-1,15,25,0.6,147.457,171.81,72.9051,63.8175,0.0606061,0.0606061
00759.jpg,1719920223843,PuReST,25,-1,-1,15,25,0.6,147.457,171.81,72.9051,63.8175,0.0606061,0.0606061
00760.jpg,1719920223876,PuReST,3,-1,-1,1,3,0.333333,280.936,145.003,0,6.68222,0,0
00761.jpg,1719920223909,PuReST,-1,-1,-1,-1,-1,1,62,67,-1,-1,-1,-1
00762.jpg,1719920223942,PuReST,19,-1,-1,7,19,0.368421,290.191,141.08,24.2639,43.0454,0.15625,0.15625
00763.jpg,1719920223975,PuReST,29,-1,-1,13,29,0.448276,104.949,120.805,95.7426,68.3892,0.176471,0.176471
00764.jpg,1719920224008,PuReST,14,-1,-1,7,14,0.5,279.298,142.415,26.6379,33.9095,0.09375,0.09375
00765.jpg,1719920224041,PuReST,26,-1,-1,5,26,0.192308,265.625,103.354,135.065,54.4513,0,0
00766.jpg,1719920224074,PuReST,24,-1,-1,12,24,0.5,266.633,108.815,143.148,58.1305,0.030303,0.030303
00767.jpg,1719920224107,PuReST,25,-1,-1,15,25,0.6,265.997,111.202,149.256,63.8175,0,0
00768.jpg,1719920224140,PuReST,18,-1,-1,11,18,0.611111,140.251,99.2957,69.4539,46.2191,0.181818,0.181818
00769.jpg,1719920224173,PuReST,14,-1,-1,8,14,0.571429,115.678,167.366,117.651,35.2031,0,0
00770.jpg,1719920224206,PuReST,14,-1,-1,8,14,0.571429,115.678,167.366,117.651,35.2031,0,0
00771.jpg,1719920224239,PuReST,-1,-1,-1,-1,-1,1,62,67,-1,-1,-1,-1
00772.jpg,1719920224272,PuReST,-1,-1,-1,-1,-1,1,62,67,-1,-1,-1,-1
00773.jpg,1719920224305,PuReST,74,-1,-1,42,74,0.567568,139.486,142.204,163.499,185.696,0.030303,0.030303
00774.jpg,1719920224338,PuReST,82,-1,-1,44,82,0.536585,144.196,122.957,70.5156,202.447,0,0
00775.jpg,1719920224371,PuReST,23,-1,-1,16,23,0.695652,262.594,78.1807,85.9375,61.7554,0.117647,0.117647
00776.jpg,1719920224404,PuReST,32,-1,-1,10,32,0.3125,118.17,223.292,74.0133,70.5792,0,0
00777.jpg,1719920224437,PuReST,39,-1,-1,29,39,0.74359,260.255,87.6808,30.9654,107.392,0.314286,0.314286
00778.jpg,1719920224470,PuReST,14,-1,-1,7,14,0.5,162.048,238.4,69.902,33.9095,0.0625,0.0625
00779.jpg,1719920224503,PuReST,-1,-1,-1,-1,-1,1,62,67,-1,-1,-1,-1
00780.jpg,1719920224536,PuReST,-1,-1,-1,-1,-1,1,62,67,-1,-1,-1,-1
00781.jpg,1719920224569,PuReST,7,-1,-1,2,7,0.285714,277.069,134.898,47.2283,15.2499,0,0
00782.jpg,1719920224602,PuReST,24,-1,-1,16,24,0.666667,175.315,242.6,130.419,63.4618,0,0
00783.jpg,1719920224635,PuReST,18,-1,-1,8,18,0.444444,258.542,136.556,69.6712,42.3653,0,0
00784.jpg,1719920224668,PuReST,20,-1,-1,16,20,0.8,273.954,139.17,56.9944,56.7233,0.21875,0.21875
00785.jpg,1719920224701,PuReST,26,-1,-1,19,26,0.730769,286.246,142.075,120.557,71.1141,0.363636,0.333333
00786.jpg,1719920224734,PuReST,63,-1,-1,30,63,0.47619,264.082,112.082,20.5151,150.719,0,0
00787.jpg,1719920224767,PuReST,28,-1,-1,18,28,0.642857,274.688,134.892,173.704,73.1129,0.147059,0.147059
00788.jpg,1719920224800,PuReST,15,-1,-1,7,15,0.466667,176.636,238.182,109.145,35.7095,0,0
00789.jpg,1719920224833,PuReST,15,-1,-1,7,15,0.466667,176.636,238.182,109.145,35.7095,0,0
00790.jpg,1719920224866,PuReST,20,-1,-1,10,20,0.5,257.841,134.883,93.7148,48.4421,0,0
00791.jpg,1719920224899,PuReST,-1,-1,-1,-1,-1,1,62,67,-1,-1,-1,-1
00792.jpg,1719920224932,PuReST,24,-1,-1,10,24,0.416667,261.574,153.717,72.1493,55.6954,0.121212,0.121212
00793.jpg,1719920224965,PuReST,16,-1,-1,6,16,0.375,176.457,237.771,107.638,36.3662,0,0
00794.jpg,1719920224998,PuReST,16,-1,-1,6,16,0.375,176.457,237.771,107.638,36.3662,0,0
00795.jpg,1719920225031,PuReST,16,-1,-1,6,16,0.375,176.457,237.771,107.638,36.3662,0,0
00796.jpg,1719920225064,PuReST,44,-1,-1,20,44,0.454545,272.742,136.906,124.631,104.097,0.0833333,0.0833333
00797.jpg,1719920225097,PuReST,25,-1,-1,10,25,0.4,161.606,166.46,99.6145,57.532,0.0625,0.0625
00798.jpg,1719920225130,PuReST,52,-1,-1,19,52,0.365385,272.518,143.393,57.4017,117.633,0.0588235,0.0588235
00799.jpg,1719920225163,PuReST,74,-1,-1,38,74,0.513514,151.719,138.867,158.472,180.503,0,0
00800.jpg,1719920225196,PuReST,67,-1,-1,34,67,0.507463,113.947,133.899,101.04,162.913,0.176471,0.176471
00801.jpg,1719920225229,PuReST,28,-1,-1,17,28,0.607143,93.7304,126.197,69.5529,71.7457,0.147059,0.147059
00802.jpg,1719920225262,PuReST,21,-1,-1,8,21,0.380952,87.0113,125.037,47.9709,47.8711,0.125,0.125
00803.jpg,1719920225295,PuReST,23,-1,-1,6,23,0.26087,85.0685,125.684,42.6627,49.5544,0,0
00804.jpg,1719920225328,PuReST,22,-1,-1,8,22,0.363636,155.108,179.039,112.551,49.7254,0,0
00805.jpg,1719920225361,PuReST,19,-1,-1,5,19,0.263158,175.266,155.479,73.0554,40.9774,0,0
00806.jpg,1719920225394,PuReST,7,-1,-1,1,7,0.142857,148.408,178.347,128.38,14.4004,0,0
00807.jpg,1719920225427,PuReST,20,-1,-1,6,20,0.3,207.148,98.1943,38.1973,43.8567,0,0
00808.jpg,1719920225460,PuReST,43,-1,-1,8,43,0.186047,101.539,104.792,57.222,89.8384,0.0294118,0.0294118
00809.jpg,1719920225493,PuReST,22,-1,-1,6,22,0.272727,105.436,139.678,7.91169,47.6491,0,0
00810.jpg,1719920225526,PuReST,38,-1,-1,26,38,0.684211,130.617,189.608,17.0865,101.416,0.228571,0.228571
00811.jpg,1719920225559,PuReST,21,-1,-1,5,21,0.238095,127.63,126.077,5.08534,44.8034,0,0
00812.jpg,1719920225592,PuReST,-1,-1,-1,-1,-1,1,62,67,-1,-1,-1,-1
00813.jpg,1719920225625,PuReST,22,-1,-1,15,22,0.681818,258.501,132.485,105.538,58.6407,0,0
00814.jpg,1719920225658,PuReST,18,-1,-1,11,18,0.611111,231.936,128.006,101.428,46.2191,0.151515,0.151515
00815.jpg,1719920225691,PuReST,18,-1,-1,11,18,0.611111,231.936,128.006,101.428,46.2191,0.151515,0.151515
00816.jpg,1719920225724,PuReST,42,-1,-1,27,42,0.642857,231.086,109.481,167.104,109.669,0.666667,0.666667
00817.jpg,1719920225757,PuReST,35,-1,-1,19,35,0.542857,229.493,107.797,155.375,86.695,0.628571,0.628571
00818.jpg,1719920225790,PuReST,26,-1,-1,19,26,0.730769,230.119,111.688,144.899,71.1141,0.857143,0.857143
00819.jpg,1719920225823,PuReST,28,-1,-1,19,28,0.678571,229.671,111.099,143.871,74.5058,0.823529,0.823529
00820.jpg,1719920225856,PuReST,31,-1,-1,15,31,0.483871,228.232,109.443,150.351,74.4589,0.764706,0.764706
00821.jpg,1719920225889,PuReST,28,-1,-1,11,28,0.392857,227.713,112.241,143.836,64.2065,0.787879,0.787879
00822.jpg,1719920225922,PuReST,20,-1,-1,10,20,0.5,211.102,123.749,112.528,48.4421,0.69697,0.69697
00823.jpg,1719920225955,PuReST,19,-1,-1,9,19,0.473684,210.132,125.435,116.965,45.3962,0.787879,0.787879
00824.jpg,1719920225988,PuReST,17,-1,-1,8,17,0.470588,210.323,125.402,131.855,40.5527,0.969697,0.969697
00825.jpg,1719920226021,PuReST,12,-1,-1,3,12,0.25,184.728,122.509,97.4028,25.7325,0,0
00826.jpg,1719920226054,PuReST,26,-1,-1,17,26,0.653846,105.822,177.247,104.958,68.286,0.09375,0.09375
00827.jpg,1719920226087,PuReST,22,-1,-1,5,22,0.227273,165.365,141.645,107.271,46.7245,0,0
00828.jpg,1719920226120,PuReST,42,-1,-1,28,42,0.666667,232.841,103.724,170.872,111.058,0.611111,0.611111
00829.jpg,1719920226153,PuReST,30,-1,-1,14,30,0.466667,228.496,112.713,145.697,71.419,0.882353,0.882353
00830.jpg,1719920226186,PuReST,32,-1,-1,16,32,0.5,228.921,110.823,151.67,77.5074,0.771429,0.771429
00831.jpg,1719920226219,PuReST,23,-1,-1,12,23,0.521739,204.576,128.975,26.4047,56.344,0.714286,0.742857
00832.jpg,1719920226252,PuReST,21,-1,-1,9,21,0.428571,169.414,211.339,103.494,49.0281,0.636364,0.636364
00833.jpg,1719920226285,PuReST,21,-1,-1,8,21,0.380952,170.116,210.886,106.133,47.8711,0.575758,0.575758
00834.jpg,1719920226318,PuReST,22,-1,-1,9,22,0.409091,169.358,211.157,102.294,50.8596,0.676471,0.676471
00835.jpg,1719920226351,PuReST,40,-1,-1,13,40,0.325,160.03,158.264,130.31,88.7442,0.285714,0.257143
00836.jpg,1719920226384,PuReST,41,-1,-1,34,41,0.829268,107.659,167.61,174.098,118.066,0.194444,0.194444
00837.jpg,1719920226417,PuReST,17,-1,-1,5,17,0.294118,104.147,184.568,109.611,37.1776,0,0
00838.jpg,1719920226450,PuReST,22,-1,-1,9,22,0.409091,169.375,212.388,99.042,50.8596,0.454545,0.454545
00839.jpg,1719920226483,PuReST,49,-1,-1,29,49,0.591837,232.502,104.122,169.561,124.544,0.6,0.6
00840.jpg,1719920226516,PuReST,31,-1,-1,12,31,0.387097,228.137,118.407,140.459,70.8823,0.828571,0.828571
00841.jpg,1719920226549,PuReST,43,-1,-1,25,43,0.581395,230.604,108.424,164.276,108.694,0.6,0.6
00842.jpg,1719920226582,PuReST,42,-1,-1,24,42,0.571429,230.897,108.551,163.194,105.609,0.636364,0.636364
00843.jpg,1719920226615,PuReST,34,-1,-1,21,34,0.617647,230.875,112.739,154.684,87.6047,0.794118,0.794118
00844.jpg,1719920226648,PuReST,18,-1,-1,10,18,0.555556,210.093,129.688,107.433,44.8845,0.71875,0.71875
00845.jpg,1719920226681,PuReST,38,-1,-1,27,38,0.710526,232.705,110.509,165.712,102.834,0.69697,0.69697
00846.jpg,1719920226714,PuReST,15,-1,-1,8,15,0.533333,141.213,171.22,68.6313,36.9698,0.0606061,0.0606061
00847.jpg,1719920226747,PuReST,51,-1,-1,41,51,0.803922,115.569,172,74.3924,144.94,0.235294,0.235294
00848.jpg,1719920226780,PuReST,29,-1,-1,15,29,0.517241,165.407,145.246,94.8848,70.8755,0,0
00849.jpg,1719920226813,PuReST,17,-1,-1,10,17,0.588235,137.379,172.919,99.6163,43.1272,0.129032,0.129032
00850.jpg,1719920226846,PuReST,18,-1,-1,7,18,0.388889,199.922,207.362,108.665,41.1941,0.16129,0.16129
00851.jpg,1719920226879,PuReST,23,-1,-1,19,23,0.826087,288.112,124.497,121.113,66.1231,0.0857143,0.0857143
00852.jpg,1719920226912,PuReST,25,-1,-1,21,25,0.84,197.226,136.671,39.824,72.3933,0.694444,0.694444
00853.jpg,1719920226945,PuReST,8,-1,-1,3,8,0.375,298.427,200.785,163.825,18.1831,0,0
00854.jpg,1719920226978,PuReST,17,-1,-1,8,17,0.470588,298.299,197.521,35.8576,40.5527,0.121212,0.121212
00855.jpg,1719920227011,PuReST,17,-1,-1,8,17,0.470588,298.299,197.521,35.8576,40.5527,0.121212,0.121212
00856.jpg,1719920227044,PuReST,55,-1,-1,45,55,0.818182,166.922,130.131,3.33173,157.473,0.0277778,0.0277778
00857.jpg,1719920227077,PuReST,18,-1,-1,9,18,0.5,120.129,192.053,70.4497,43.5979,0,0
00858.jpg,1719920227110,PuReST,38,-1,-1,26,38,0.684211,231.535,116.053,164.84,101.416,0.666667,0.666667
00859.jpg,1719920227143,PuReST,33,-1,-1,25,33,0.757576,232.152,119.749,160.82,91.54,0.888889,0.888889
00860.jpg,1719920227176,PuReST,33,-1,-1,25,33,0.757576,232.152,119.749,160.82,91.54,0.888889,0.888889
00861.jpg,1719920227209,PuReST,31,-1,-1,26,31,0.83871,232.845,122.889,171.22,89.7077,0.941176,0.941176
00862.jpg,1719920227242,PuReST,26,-1,-1,20,26,0.769231,231.303,126.425,144.353,72.5643,0.705882,0.705882
00863.jpg,1719920227275,PuReST,26,-1,-1,20,26,0.769231,231.303,126.425,144.353,72.5643,0.705882,0.705882
00864.jpg,1719920227308,PuReST,39,-1,-1,24,39,0.615385,230.62,120.134,160.177,100.368,0.8,0.8
00865.jpg,1719920227341,PuReST,28,-1,-1,20,28,0.714286,231.192,126.374,151.73,75.9227,0.735294,0.735294
00866.jpg,1719920227374,PuReST,41,-1,-1,24,41,0.585366,230.318,119.879,163.343,103.855,0.69697,0.69697
00867.jpg,1719920227407,PuReST,20,-1,-1,6,20,0.3,171.858,160.074,56.9105,43.8567,0,0
00868.jpg,1719920227440,PuReST,25,-1,-1,12,25,0.48,168.811,219.152,85.0547,59.9272,0.424242,0.424242
00869.jpg,1719920227473,PuReST,22,-1,-1,15,22,0.681818,230.367,131.204,129.712,58.6407,0.818182,0.818182
00870.jpg,1719920227506,PuReST,22,-1,-1,15,22,0.681818,230.367,131.204,129.712,58.6407,0.878788,0.878788
00871.jpg,1719920227539,PuReST,19,-1,-1,8,19,0.421053,226.346,131.692,145.625,44.19,0.735294,0.735294
00872.jpg,1719920227572,PuReST,23,-1,-1,18,23,0.782609,230.83,130.156,131.518,64.6423,0.617647,0.617647
00873.jpg,1719920227605,PuReST,24,-1,-1,16,24,0.666667,254.863,122.72,81.1164,63.4618,0,0
00874.jpg,1719920227638,PuReST,24,-1,-1,21,24,0.875,232.475,129.556,128.332,70.7644,0.657143,0.657143
00875.jpg,1719920227671,PuReST,17,-1,-1,7,17,0.411765,225.429,133.65,150.894,39.3535,0.818182,0.818182
00876.jpg,1719920227704,PuReST,19,-1,-1,17,19,0.894737,101.19,115.473,107.644,56.5923,0.228571,0.228571
00877.jpg,1719920227737,PuReST,8,-1,-1,2,8,0.25,226.481,138.278,0,17.155,0,0
00878.jpg,1719920227770,PuReST,40,-1,-1,17,40,0.425,180.858,188.923,175.808,93.2178,0.0588235,0.0588235
00879.jpg,1719920227803,PuReST,17,-1,-1,11,17,0.647059,260.319,126.224,44.4595,44.4887,0.03125,0.03125
00880.jpg,1719920227836,PuReST,52,-1,-1,25,52,0.480769,191.441,202.775,138.004,124.698,0.228571,0.228571
00881.jpg,1719920227869,PuReST,36,-1,-1,12,36,0.333333,178.237,197.423,179.61,80.1866,0,0
00882.jpg,1719920227902,PuReST,35,-1,-1,10,35,0.285714,177.801,195.443,0.900321,76.2495,0.03125,0.03125
00883.jpg,1719920227935,PuReST,81,-1,-1,37,81,0.45679,207.071,207.243,122.288,191.854,0.166667,0.166667
00884.jpg,1719920227968,PuReST,81,-1,-1,37,81,0.45679,207.071,207.243,122.288,191.854,0.194444,0.194444
00885.jpg,1719920228001,PuReST,-1,-1,-1,-1,-1,1,62,67,-1,-1,-1,-1
00886.jpg,1719920228034,PuReST,77,-1,-1,50,77,0.649351,126.065,163.253,69.3518,201.752,0.285714,0.285714
00887.jpg,1719920228067,PuReST,43,-1,-1,34,43,0.790698,135.711,134.308,19.3316,121.365,0.0555556,0.0555556
00888.jpg,1719920228100,PuReST,20,-1,-1,11,20,0.55,159.174,228.391,93.1701,49.7262,0.0625,0.0625
00889.jpg,1719920228133,PuReST,20,-1,-1,11,20,0.55,159.174,228.391,93.1701,49.7262,0.0625,0.0625
00890.jpg,1719920228166,PuReST,18,-1,-1,5,18,0.277778,189.517,156.17,62.1595,39.0738,0,0
00891.jpg,1719920228199,PuReST,23,-1,-1,8,23,0.347826,172.683,144.694,57.3476,51.5879,0,0
00892.jpg,1719920228232,PuReST,19,-1,-1,11,19,0.578947,230.672,137.79,118.178,47.9654,0.818182,0.818182
00893.jpg,1719920228265,PuReST,20,-1,-1,7,20,0.35,186.973,156.596,74.918,44.9062,0.205882,0.205882
00894.jpg,1719920228298,PuReST,30,-1,-1,12,30,0.4,172.247,148.166,53.8183,69.0384,0,0
00895.jpg,1719920228331,PuReST,6,-1,-1,3,6,0.5,233.597,137.446,0,14.5326,0,0
00896.jpg,1719920228364,PuReST,25,-1,-1,9,25,0.36,173.689,146.086,59.8763,56.406,0,0
00897.jpg,1719920228397,PuReST,66,-1,-1,30,66,0.454545,117.422,135.451,11.4741,156.145,0.0571429,0.0571429
00898.jpg,1719920228430,PuReST,4,-1,-1,1,4,0.25,299.59,135.76,159.648,8.5775,0,0
00899.jpg,1719920228463,PuReST,-1,-1,-1,-1,-1,1,62,67,-1,-1,-1,-1
00900.jpg,1719920228496,PuReST,23,-1,-1,7,23,0.304348,277.219,135.154,75.8032,50.5367,0.0294118,0.0294118
00901.jpg,1719920228529,PuReST,24,-1,-1,7,24,0.291667,277.601,135.49,79.1367,52.4272,0.03125,0.03125
00902.jpg,1719920228562,PuReST,33,-1,-1,22,33,0.666667,260.57,123.243,55.4231,87.2599,0.166667,0.166667
00903.jpg,1719920228595,PuReST,28,-1,-1,6,28,0.214286,280.164,136.821,81.971,59.1517,0.09375,0
00904.jpg,1719920228628,PuReST,27,-1,-1,6,27,0.222222,280.549,136.844,81.3976,57.2242,0.09375,0
00905.jpg,1719920228661,PuReST,30,-1,-1,12,30,0.4,108.77,211.377,63.973,69.0384,0.030303,0.030303
00906.jpg,1719920228694,PuReST,24,-1,-1,13,24,0.541667,177.267,147.243,81.8013,59.4109,0,0
00907.jpg,1719920228727,PuReST,19,-1,-1,9,19,0.473684,180.218,148.338,72.2793,45.3962,0.03125,0.03125
00908.jpg,1719920228760,PuReST,12,-1,-1,8,12,0.666667,118.605,147.574,0,31.7309,0,0
00909.jpg,1719920228793,PuReST,15,-1,-1,10,15,0.666667,194.628,221.708,71.438,39.6636,0.6875,0.6875
00910.jpg,1719920228826,PuReST,21,-1,-1,6,21,0.285714,278.339,137.935,79.1518,45.7497,0,0
00911.jpg,1719920228859,PuReST,31,-1,-1,6,31,0.193548,294.692,105.492,138.383,64.9538,0.0294118,0
00912.jpg,1719920228892,PuReST,21,-1,-1,7,21,0.333333,277.799,137.63,75.3682,46.7755,0.121212,0.121212
00913.jpg,1719920228925,PuReST,31,-1,-1,16,31,0.516129,252.864,129.909,87.6025,75.7195,0.171429,0.171429
00914.jpg,1719920228958,PuReST,17,-1,-1,8,17,0.470588,218.053,148.698,111.37,40.5527,0.612903,0.612903
00915.jpg,1719920228991,PuReST,47,-1,-1,26,47,0.553191,281.74,120.72,29.9883,117.053,0.166667,0.138889
00916.jpg,1719920229024,PuReST,46,-1,-1,39,46,0.847826,138.211,134.353,23.573,133.744,0.0294118,0.0294118
00917.jpg,1719920229057,PuReST,17,-1,-1,12,17,0.705882,217.346,151.499,85.762,45.8923,0.515152,0.515152
00918.jpg,1719920229090,PuReST,33,-1,-1,15,33,0.454545,209.894,153.502,79.1142,78.0727,0.657143,0.657143
00919.jpg,1719920229123,PuReST,45,-1,-1,17,45,0.377778,266.257,132.441,98.8676,102.42,0.0882353,0.0882353
00920.jpg,1719920229156,PuReST,25,-1,-1,17,25,0.68,277.692,131.934,51.8066,66.5732,0.1875,0.1875
00921.jpg,1719920229189,PuReST,25,-1,-1,20,25,0.8,258.026,127.886,56.7376,70.9042,0.0625,0.0625
00922.jpg,1719920229222,PuReST,21,-1,-1,6,21,0.285714,235.206,139.631,84.7147,45.7497,0,0
00923.jpg,1719920229255,PuReST,21,-1,-1,6,21,0.285714,235.206,139.631,84.7147,45.7497,0,0
00924.jpg,1719920229288,PuReST,62,-1,-1,35,62,0.564516,198.293,207.349,136.466,155.333,0.363636,0.363636
00925.jpg,1719920229321,PuReST,54,-1,-1,47,54,0.87037,200.229,194.823,62.1237,158.841,0.0285714,0.0285714
00926.jpg,1719920229354,PuReST,52,-1,-1,43,52,0.826923,198.631,193.608,60.7591,149.561,0.0277778,0.0277778
00927.jpg,1719920229387,PuReST,28,-1,-1,14,28,0.5,253.865,131.179,90.6463,67.8189,0.0625,0.0625
00928.jpg,1719920229420,PuReST,37,-1,-1,22,37,0.594595,186.091,199.674,156.52,94.1807,0.0277778,0.0277778
00929.jpg,1719920229453,PuReST,21,-1,-1,16,21,0.761905,216.371,154.82,72.2312,58.3851,0.558824,0.558824
00930.jpg,1719920229486,PuReST,37,-1,-1,28,37,0.756757,189.168,198.846,149.061,102.592,0.0571429,0.0571429
00931.jpg,1719920229519,PuReST,34,-1,-1,22,34,0.647059,186.019,199.761,151.645,88.9773,0,0
00932.jpg,1719920229552,PuReST,38,-1,-1,21,38,0.552632,118.602,121.724,34.5022,94.6106,0.212121,0.212121
00933.jpg,1719920229585,PuReST,25,-1,-1,13,25,0.52,256.67,132.467,82.1114,61.1878,0.147059,0.205882
00934.jpg,1719920229618,PuReST,23,-1,-1,10,23,0.434783,170.69,221.872,93.9758,53.8673,0.40625,0.40625
00935.jpg,1719920229651,PuReST,21,-1,-1,6,21,0.285714,173.362,219.036,112.76,45.7497,0,0
00936.jpg,1719920229684,PuReST,12,-1,-1,11,12,0.916667,189.201,151.51,114.937,36.1454,0.0625,0.0625
00937.jpg,1719920229717,PuReST,25,-1,-1,6,25,0.24,281.258,140.724,83.0096,53.3805,0,0
